id,cite_key,collection,topic,status,year,authors,title,venue,volume,issue,pages_or_article,doi,arxiv,local_fulltext,manuscript_role,decision
R001,Harary1953,manuscript_core,switching_balance,published,1953,Frank Harary,On the notion of balance of a signed graph,Michigan Mathematical Journal,2,2,143-146,10.1307/mmj/1028989917,,,classical balance origin,cite once with Zaslavsky
R002,Zaslavsky1982,manuscript_core,switching_balance,published,1982,Thomas Zaslavsky,Signed graphs,Discrete Applied Mathematics,4,1,47-74,10.1016/0166-218X(82)90033-6,,,systematic signed-graph and switching framework,cite once with Harary
R003,BelardoEtAl2018,manuscript_core,signed_spectral_programme,published,2018,Francesco Belardo; Sebastian M. Cioaba; Jack H. Koolen; Jianfeng Wang,Open problems in the spectral theory of signed graphs,The Art of Discrete and Applied Mathematics,1,2,P2.10,10.26493/2590-9770.1286.d7b,1907.04349,research/related_work/papers/core/2018_Belardo_OpenProblemsSignedGraphs.pdf,fixed-graph signed spectral programme,retain
R004,BiluLinial2006,manuscript_core,two_lifts,published,2006,Yonatan Bilu; Nathan Linial,"Lifts, discrepancy and nearly optimal spectral gap",Combinatorica,26,5,495-519,10.1007/s00493-006-0029-7,math/0312022,research/related_work/papers/historical/2006_BiluLinial_LiftsDiscrepancy.pdf,signing and two-lift existence line,retain with MSS
R005,MarcusSpielmanSrivastava2015,manuscript_core,two_lifts,published,2015,Adam W. Marcus; Daniel A. Spielman; Nikhil Srivastava,Interlacing families I: Bipartite Ramanujan graphs of all degrees,Annals of Mathematics,182,1,307-325,10.4007/annals.2015.182.1.7,1304.4132,research/related_work/papers/historical/2015_Marcus_InterlacingFamiliesI.pdf,sharp bipartite signing existence context,retain with Bilu-Linial
R006,Reff2012,manuscript_core,gain_graphs,published,2012,Nathan Reff,Spectral properties of complex unit gain graphs,Linear Algebra and its Applications,436,9,3165-3176,10.1016/j.laa.2011.10.021,1110.4554,,gain-graph gauge and spectral invariance,retain
R007,KorotyaevSaburova2017,manuscript_core,periodic_magnetic_graphs,published,2017,Evgeny Korotyaev; Natalia Saburova,Magnetic Schrodinger operators on periodic discrete graphs,Journal of Functional Analysis,272,4,1625-1660,10.1016/j.jfa.2016.12.015,,,periodic magnetic graph framework,retain
R008,KorotyaevSaburova2023,manuscript_core,periodic_magnetic_graphs,published,2023,Evgeny Korotyaev; Natalia Saburova,Trace formulas for magnetic Schrodinger operators on periodic graphs and their applications,Linear Algebra and its Applications,676,,395-440,10.1016/j.laa.2023.07.025,2206.09663,research/related_work/papers/methods/2023_Korotyaev_TraceFormulasPeriodicMagneticGraphs.pdf,flux and Floquet graph-operator precedent,retain
R009,Davis1979,manuscript_core,circulant_spectra,book,1979,Philip J. Davis,Circulant Matrices,Wiley,,,ISBN 9780471057710,,,,classical scalar Fourier/circulant reference,retain
R010,BrunettiStanic2022,manuscript_core,signed_spectral_extrema,published,2022,Maurizio Brunetti; Zoran Stanic,Unbalanced signed graphs with extremal spectral radius or index,Computational and Applied Mathematics,41,,118,10.1007/s40314-022-01814-5,,research/related_work/papers/core/2022_Brunetti_UnbalancedSignedGraphsExtremal.pdf,exact signed spectral-radius extremal analogue,retain
R011,GhorbaniMajidi2024,manuscript_core,signed_spectral_extrema,published,2024,Ebrahim Ghorbani; Arezoo Majidi,Complete signed graphs with largest maximum or smallest minimum eigenvalue,Discrete Mathematics,347,4,113860,10.1016/j.disc.2023.113860,,research/related_work/papers/core/2024_Ghorbani_CompleteSignedGraphs.md,fixed underlying graph-family extremal analogue,retain
R012,,reserve,signed_cayley_spectra,published,2025,Chunyang Hu; Shiping Liu,Vertex isoperimetry on signed graphs and spectra of non-bipartite Cayley and Cayley sum graphs,European Journal of Combinatorics,130,,104200,10.1016/j.ejc.2025.104200,2306.05306,research/related_work/papers/core/2025_Hu_VertexIsoperimetrySignedCayley.pdf,neighboring signed Cayley spectral context,reserve because it does not advance the current problem chain
R013,AtayHua2016,manuscript_core,chiral_spectral_symmetry,published,2016,Fatihcan M. Atay; Bobo Hua,On the symmetry of the Laplacian spectra of signed graphs,Linear Algebra and its Applications,495,,24-37,10.1016/j.laa.2016.01.027,1411.6113,,signed spectral-symmetry neighbor,retain with scope distinction
R014,CedzichEtAl2021,manuscript_core,chiral_spectral_symmetry,published,2021,C. Cedzich; T. Geib; A. H. Werner; R. F. Werner,Chiral Floquet systems and quantum walks at half-period,Annales Henri Poincare,22,2,375-413,10.1007/s00023-020-00982-6,2006.04634,,half-period chiral operator neighbor,retain with scope distinction
R015,Suvagiya2026,specific_recent_context,direct_preprint,preprint,2026,Vaibhav Suvagiya,Signed circulants at the Ramanujan bound,arXiv,,,,,2607.18334,research/related_work/papers/core/2026_Suvagiya_SignedCirculants_PREPRINT.pdf,direct twisted-candidate conjecture source,cite once late
J001,,jgt_structure_corpus,spectral_extremal,published,2024,Longfei Fang; Huiqiu Lin; Yongtang Shi,Extremal spectral results of planar graphs without vertex-disjoint cycles,Journal of Graph Theory,106,3,496-524,10.1002/jgt.23084,2304.06942,,one proof section per headline theorem,style only
J002,,jgt_structure_corpus,spectral_method,published,2024,Krystal Guo; Sam Spiro,New eigenvalue bound for the fractional chromatic number,Journal of Graph Theory,106,,167-180,10.1002/jgt.23071,,,general spectral mechanism then technical lemma,style only
J003,,jgt_structure_corpus,finite_computation,published,2024,Jan Goedgebeur; Jarne Renders; Gabor Wiener; Carol T. Zamfirescu,K2-Hamiltonian graphs: II,Journal of Graph Theory,105,4,580-611,10.1002/jgt.23057,,,reduction before finite computation and certificates,style only
J004,,jgt_structure_corpus,spectral_method,published,2025,Paul Horn; Adam Purcilly; Alex Stevens,Graph curvature and local discrepancy,Journal of Graph Theory,108,2,337-360,10.1002/jgt.23176,,,general inequality then graph applications,style only
J005,,jgt_structure_corpus,spectral_characterization,published,2025,Sabrina Lato,Polynomial characterizations of distance-biregular graphs,Journal of Graph Theory,109,3,282-293,10.1002/jgt.23227,2210.07139,,reusable characterization sections,style only
J006,,jgt_structure_corpus,spectral_method,published,2025,Yuly Billig,Eigenvalue approach to dense clusters in hypergraphs,Journal of Graph Theory,109,3,353-365,10.1002/jgt.23218,,,graph problem then matrix tool and applications,style only
J007,,jgt_structure_corpus,spectral_optimization,published,2025,Stefan Steinerberger; Rekha R. Thomas,Conformally rigid graphs,Journal of Graph Theory,109,3,366-386,10.1002/jgt.23229,2402.11758,,main results then exact certificate machinery,style only
J008,,jgt_structure_corpus,spectral_extremal,published,2025,Yongtao Li; Lihua Feng; Yuejian Peng,A spectral Erdos-Faudree-Rousseau theorem,Journal of Graph Theory,110,,408-425,10.1002/jgt.23280,2406.13176,,general method then separate headline proofs,style only
J009,,jgt_structure_corpus,spectral_extremal,published,2025,Shuchao Li; Sishu Zhao; Lantao Zou,"Spectral extrema of graphs with fixed size: forbidden a fan graph, a friendship graph, or a theta graph",Journal of Graph Theory,110,4,483-495,10.1002/jgt.23287,2409.15918,,structural reduction then exact synthesis,style only
J010,,jgt_structure_corpus,counterexample_structure,published,2025,Sandra Albrechtsen; Raphael W. Jacobs; Paul Knappe; Max Pitz,Counterexamples regarding linked and lean tree-decompositions of infinite graphs,Journal of Graph Theory,110,,398-407,10.1002/jgt.23279,2405.06755,,counterexamples grouped by structural question,style only
V001,,reserve,signed_spectral_limits,published,2024,Francesco Belardo; Maurizio Brunetti,Limit points for the spectral radii of signed graphs,Discrete Mathematics,347,2,113745,10.1016/j.disc.2023.113745,,research/related_work/papers/core/2024_Belardo_LimitPointsSignedSpectralRadii.md,modern signed-radius programme,reserve because current role duplicates broader programme citation
V002,,reserve,signed_spectral_limits,published,2026,Maurizio Brunetti; Vilmar Trevisan,Limit points for the spectral radii of unbalanced signed graphs,Discrete Mathematics,349,3,114855,10.1016/j.disc.2025.114855,,research/related_work/papers/core/2026_Brunetti_LimitPointsUnbalancedSigned.md,recent signed-radius continuation,reserve because outside exact fixed-graph mechanism
V003,,reserve,periodic_operator_defects,published,2006,Peter Kuchment; Boris Vainberg,On the structure of eigenfunctions corresponding to embedded eigenvalues of locally perturbed periodic graph operators,Communications in Mathematical Physics,268,3,673-686,10.1007/s00220-006-0105-2,math-ph/0511084,research/related_work/papers/methods/2006_Kuchment_LocalPerturbedPeriodicGraphOperators.pdf,local defect operator precedent,defer because present paper has no interface-state theorem
V004,,reserve,jgt_classification_architecture,published,2021,Huiqiu Lin; Bo Ning,A complete solution to the Cvetkovic-Rowlinson conjecture,Journal of Graph Theory,97,3,441-450,10.1002/jgt.22667,1912.11627,research/related_work/papers/methods/2021_Lin_CompleteCvetkovicRowlinsonClassification.pdf,older JGT classification architecture,reserve style reference not topical citation
V005,,reserve,finite_generation_architecture,published,2018,Jan Goedgebeur; Oliver Schaudt,Exhaustive generation of k-critical H-free graphs,Journal of Graph Theory,87,2,188-207,10.1002/jgt.22151,1506.03647,research/related_work/papers/methods/2018_Goedgebeur_ExhaustiveGenerationCriticalGraphs.pdf,completeness-first finite generation architecture,reserve style reference superseded by recent corpus
