family,n,alpha,gap_sequence,R_squared,threshold_squared,delta,solver,evidence_status
G6,18,1,6 4 4 4,7.874035029915879,7.411474127809773,0.4625609021061061,dense eigvalsh,NUMERICALLY_ABOVE_THRESHOLD
G6,26,1,6 4 4 4 4 4,7.894413423230375,7.712795686158524,0.1816177370718517,dense eigvalsh,NUMERICALLY_ABOVE_THRESHOLD
G6,34,1,6 4 4 4 4 4 4 4,7.901613226750367,7.830890658176514,0.07072256857385284,dense eigvalsh,NUMERICALLY_ABOVE_THRESHOLD
G6,42,1,6 4 4 4 4 4 4 4 4 4,7.904074545050893,7.888807264022538,0.015267281028354951,dense eigvalsh,NUMERICALLY_ABOVE_THRESHOLD
G6,50,1,6 4 4 4 4 4 4 4 4 4 4 4,7.904919714065011,7.921395724886218,-0.016476010821206977,dense eigvalsh,CERTIFIED_COUNTEREXAMPLE
G6,58,1,6 4 4 4 4 4 4 4 4 4 4 4 4 4,7.905212448631165,7.941517025728892,-0.036304577097727275,dense eigvalsh,CERTIFIED_COUNTEREXAMPLE
G6,66,1,6 4 4 4 4 4 4 4 4 4 4 4 4 4 4 4,7.905314445381976,7.954801239671582,-0.04948679428960556,dense eigvalsh,CERTIFIED_COUNTEREXAMPLE
G6,74,1,6 4 4 4 4 4 4 4 4 4 4 4 4 4 4 4 4 4,7.905350098137491,7.96402679778047,-0.05867669964297839,dense eigvalsh,CERTIFIED_COUNTEREXAMPLE
G6,82,1,6 4 4 4 4 4 4 4 4 4 4 4 4 4 4 4 4 4 4 4,7.905362579736623,7.970692449928178,-0.06532987019155456,dense eigvalsh,CERTIFIED_COUNTEREXAMPLE
G10,30,1,10 4 4 4 4 4,7.975218346290206,7.783386116752814,0.19183222953739243,dense eigvalsh,NUMERICALLY_ABOVE_THRESHOLD
G10,38,1,10 4 4 4 4 4 4 4,7.9765559220500935,7.864357090206713,0.1121988318433802,dense eigvalsh,NUMERICALLY_ABOVE_THRESHOLD
G10,46,1,10 4 4 4 4 4 4 4 4 4,7.976954345382849,7.90720646676826,0.06974787861458864,dense eigvalsh,NUMERICALLY_ABOVE_THRESHOLD
G10,54,1,10 4 4 4 4 4 4 4 4 4 4 4,7.9770645277643375,7.932566456643533,0.04449807112080428,dense eigvalsh,NUMERICALLY_ABOVE_THRESHOLD
G10,62,1,10 4 4 4 4 4 4 4 4 4 4 4 4 4,7.977093938432006,7.948798529288779,0.028295409143226813,dense eigvalsh,NUMERICALLY_ABOVE_THRESHOLD
G10,70,1,10 4 4 4 4 4 4 4 4 4 4 4 4 4 4 4,7.977101657438403,7.959807765187739,0.017293892250664022,dense eigvalsh,NUMERICALLY_ABOVE_THRESHOLD
G10,78,1,10 4 4 4 4 4 4 4 4 4 4 4 4 4 4 4 4 4,7.977103667117824,7.967615141544246,0.00948852557357771,dense eigvalsh,NUMERICALLY_ABOVE_THRESHOLD
G10,86,1,10 4 4 4 4 4 4 4 4 4 4 4 4 4 4 4 4 4 4 4,7.977104188362199,7.973351303477323,0.0037528848848760177,dense eigvalsh,NUMERICALLY_ABOVE_THRESHOLD
G10,94,1,10 4 4 4 4 4 4 4 4 4 4 4 4 4 4 4 4 4 4 4 4 4,7.977104323314657,7.977688733555867,-0.0005844102412106977,dense eigvalsh,CERTIFIED_COUNTEREXAMPLE
G10,102,1,10 4 4 4 4 4 4 4 4 4 4 4 4 4 4 4 4 4 4 4 4 4 4 4,7.977104358225321,7.98104767681796,-0.003943318592638967,dense eigvalsh,CERTIFIED_COUNTEREXAMPLE
G10,110,1,10 4 4 4 4 4 4 4 4 4 4 4 4 4 4 4 4 4 4 4 4 4 4 4 4 4,7.977104367252823,7.983701678549371,-0.006597311296548725,dense eigvalsh,CERTIFIED_COUNTEREXAMPLE
G10,118,1,10 4 4 4 4 4 4 4 4 4 4 4 4 4 4 4 4 4 4 4 4 4 4 4 4 4 4 4,7.977104369586803,7.985834991773798,-0.008730622186995163,dense eigvalsh,CERTIFIED_COUNTEREXAMPLE
TWO_SYMMETRIC,20,-1,6 4 6 4,7.864442374739365,7.520147021340202,0.34429535339916306,dense eigvalsh,NUMERICALLY_ABOVE_THRESHOLD
TWO_SYMMETRIC,36,-1,6 4 4 4 6 4 4 4,7.900979392057465,7.849000747596232,0.051978644461232903,dense eigvalsh,NUMERICALLY_ABOVE_THRESHOLD
TWO_SYMMETRIC,52,-1,6 4 4 4 4 4 6 4 4 4 4 4,7.904830211916211,7.927301383048212,-0.022471171132000478,dense eigvalsh,CERTIFIED_COUNTEREXAMPLE
TWO_SYMMETRIC,68,-1,6 4 4 4 4 4 4 4 6 4 4 4 4 4 4 4,7.905302401333902,7.957414551957871,-0.052112150623969455,dense eigvalsh,CERTIFIED_COUNTEREXAMPLE
TWO_SYMMETRIC,84,-1,6 4 4 4 4 4 4 4 4 4 6 4 4 4 4 4 4 4 4 4,7.905361044333938,7.972069246812617,-0.06670820247867848,dense eigvalsh,CERTIFIED_COUNTEREXAMPLE
TWO_SYMMETRIC,100,-1,6 4 4 4 4 4 4 4 4 4 4 4 6 4 4 4 4 4 4 4 4 4 4 4,7.905368293525265,7.980282859485499,-0.07491456596023394,dense eigvalsh,CERTIFIED_COUNTEREXAMPLE
TWO_SYMMETRIC,116,-1,6 4 4 4 4 4 4 4 4 4 4 4 4 4 6 4 4 4 4 4 4 4 4 4 4 4 4 4,7.905369186430771,7.985342742010967,-0.07997355558019592,dense eigvalsh,CERTIFIED_COUNTEREXAMPLE
TWO_SHIFTED,28,-1,6 4 6 4 4 4,7.899005991589513,7.751793560168486,0.14721243142102747,dense eigvalsh,NUMERICALLY_ABOVE_THRESHOLD
TWO_SHIFTED,44,-1,6 4 4 4 6 4 4 4 4 4,7.9101359538289255,7.89862883099086,0.011507122838065875,dense eigvalsh,NUMERICALLY_ABOVE_THRESHOLD
TWO_SHIFTED,60,-1,6 4 4 4 4 4 6 4 4 4 4 4 4 4,7.908072877890263,7.945338992204157,-0.03726611431389326,dense eigvalsh,CERTIFIED_COUNTEREXAMPLE
TWO_SHIFTED,76,-1,6 4 4 4 4 4 4 4 6 4 4 4 4 4 4 4 4 4,7.906458250944978,7.965891592818784,-0.059433341873806,dense eigvalsh,CERTIFIED_COUNTEREXAMPLE
TWO_SHIFTED,92,-1,6 4 4 4 4 4 4 4 4 4 6 4 4 4 4 4 4 4 4 4 4 4,7.90577042230886,7.97670943045374,-0.07093900814487952,dense eigvalsh,CERTIFIED_COUNTEREXAMPLE
TWO_SHIFTED,108,-1,6 4 4 4 4 4 4 4 4 4 4 4 6 4 4 4 4 4 4 4 4 4 4 4 4 4,7.905512527918551,7.983093032026423,-0.0775805041078712,dense eigvalsh,CERTIFIED_COUNTEREXAMPLE
TWO_SHIFTED,124,-1,6 4 4 4 4 4 4 4 4 4 4 4 4 4 6 4 4 4 4 4 4 4 4 4 4 4 4 4 4 4,7.905419858691441,7.987171661125895,-0.08175180243445457,dense eigvalsh,CERTIFIED_COUNTEREXAMPLE
