branch,head_sha,head_committer_date_utc,head_file_count,reachable_commit_count,ahead_of_main,behind_main,tree_truncated,fixed_snapshot_url
agent/target-a-discovery-snapshot,0ebfc7ba36c67fec5cb79bb9e515dcd3cb2c69c8,2026-08-24T18:33:54Z,2712,100,99,2,False,https://github.com/whzy3185/math/tree/0ebfc7ba36c67fec5cb79bb9e515dcd3cb2c69c8
exp/circulant-1s-generalization,833face614d2e9bda09d7d7112dc89f9a78b3555,2026-08-25T10:40:22Z,2732,105,104,2,False,https://github.com/whzy3185/math/tree/833face614d2e9bda09d7d7112dc89f9a78b3555
research/spectral-related-work-refresh,ebc6de4fb67eeae7af961eb415a4dc1fdcc4c2c7,2026-08-31T13:20:47Z,2783,108,107,2,False,https://github.com/whzy3185/math/tree/ebc6de4fb67eeae7af961eb415a4dc1fdcc4c2c7
proof/complete-mathematical-closure,44ff33a89294056907d0b909d68a8db27371c4f0,2026-09-01T09:42:33Z,2846,118,117,2,False,https://github.com/whzy3185/math/tree/44ff33a89294056907d0b909d68a8db27371c4f0
analytic-proof-first,7b6a351cc5f8f83f5527b7fc547f0a865ea50cf2,2026-09-04T06:18:24Z,2907,246,245,2,False,https://github.com/whzy3185/math/tree/7b6a351cc5f8f83f5527b7fc547f0a865ea50cf2
period8-paper-strengthening,1201d4ecbc12da1152c110a18f57b9de49cbb191,2026-09-04T09:33:20Z,2981,252,251,2,False,https://github.com/whzy3185/math/tree/1201d4ecbc12da1152c110a18f57b9de49cbb191
paper/jgt-authorial-rewrite,6766ecbc20b084c648b29b0bf3813b8c1ecf86cb,2026-09-04T14:36:07Z,2987,253,252,2,False,https://github.com/whzy3185/math/tree/6766ecbc20b084c648b29b0bf3813b8c1ecf86cb
paper/period8-conclusion-correction,2dc5b90d3ef86dc81a304379154d1063273a3c93,2026-09-05T07:22:47Z,2988,254,253,2,False,https://github.com/whzy3185/math/tree/2dc5b90d3ef86dc81a304379154d1063273a3c93
research/circulant-1s-extension,65ec34402f08bc1025077233a24c121b00f5703a,2026-09-05T07:35:39Z,3011,259,258,2,False,https://github.com/whzy3185/math/tree/65ec34402f08bc1025077233a24c121b00f5703a
research/q1-discrete-full-push-20260906,9e9f93b4d17575004f352a1178174aaf06125c68,2026-09-06T12:51:45Z,26,4,2,1,False,https://github.com/whzy3185/math/tree/9e9f93b4d17575004f352a1178174aaf06125c68
lean-lonely-runner-ci,29fa62f117eca8fce2f503581533de22dac7a95e,2026-09-06T13:20:22Z,64,80,78,1,False,https://github.com/whzy3185/math/tree/29fa62f117eca8fce2f503581533de22dac7a95e
research/quadratic-gap-upgrade,47f64e51fb78313fdd2bae1ae4542f7836c68ca1,2026-09-07T10:29:45Z,3077,363,362,2,False,https://github.com/whzy3185/math/tree/47f64e51fb78313fdd2bae1ae4542f7836c68ca1
research/remark3-polynomial-exponential-20260908,d579b4f290881968c5b6011ae213b594645417f1,2026-09-08T03:47:34Z,34,4,2,1,False,https://github.com/whzy3185/math/tree/d579b4f290881968c5b6011ae213b594645417f1
research/remark3-explicit-classification-v2-20260908,f0ecf1cfee9b10b4cfb78a2002112dbc2a51d692,2026-09-08T04:21:49Z,44,6,4,1,False,https://github.com/whzy3185/math/tree/f0ecf1cfee9b10b4cfb78a2002112dbc2a51d692
research/remark3-product-pde-20260908,57300701ce0259485e3e5e28e3fe991a70170bd5,2026-09-08T04:32:48Z,36,3,1,1,False,https://github.com/whzy3185/math/tree/57300701ce0259485e3e5e28e3fe991a70170bd5
research/remark3-leading-form-v3-20260908,a981f618c368d957f076f8346ec79aefb8f1c6f0,2026-09-08T04:51:05Z,52,14,12,1,False,https://github.com/whzy3185/math/tree/a981f618c368d957f076f8346ec79aefb8f1c6f0
main,c3e4460929c38d10f0b3a0e878267142303c9675,2026-09-08T12:12:13Z,25,3,0,0,False,https://github.com/whzy3185/math/tree/c3e4460929c38d10f0b3a0e878267142303c9675
paper/circulant-all-jump-rebuild-20260909,cca0ea95730ee0130d403d90d8a8aa2781fdf138,2026-09-09T07:16:03Z,3082,368,367,2,False,https://github.com/whzy3185/math/tree/cca0ea95730ee0130d403d90d8a8aa2781fdf138
skill/math-research-full-push-20260909,78e3ef8da0d1a4125327dc2f579961fb9ec7e3b7,2026-09-09T08:56:08Z,34,49,47,1,False,https://github.com/whzy3185/math/tree/78e3ef8da0d1a4125327dc2f579961fb9ec7e3b7
research/aml-production-consumption-stabilization,534c247d397ae4d522473f733c546e1b3ed28fe8,2026-09-11T15:22:17Z,153,414,412,1,False,https://github.com/whzy3185/math/tree/534c247d397ae4d522473f733c546e1b3ed28fe8
paper/circulant-finite-threshold-20260909,085ea698475b7b32e0ae57457ec903a922248f69,2026-09-14T09:52:07Z,3163,488,487,2,False,https://github.com/whzy3185/math/tree/085ea698475b7b32e0ae57457ec903a922248f69
codex/math-zyc-workflow-20260914,a1e0d3bfcb68b98aacb1ce3c750201076393a4f9,2026-09-15T08:08:54Z,38,53,51,1,False,https://github.com/whzy3185/math/tree/a1e0d3bfcb68b98aacb1ce3c750201076393a4f9
paper/circulant-periodic-gap-20260909,ef65a3da6077c13927db5552a3196906d5ac2a6a,2026-09-15T14:02:59Z,3226,543,542,2,False,https://github.com/whzy3185/math/tree/ef65a3da6077c13927db5552a3196906d5ac2a6a
