commit_date_utc,document_date,commit_sha,topic,change,correction_or_scope_limit,evidence,source_path,source_url,source_observed_at_sha,commit_url,branches
2026-08-15T05:45:17Z,2026-08-14,fb4375f9588b558f162d7e3f6542c35b0056eea3,C029 / initial candidates,Initial repository imports C029 as active Target A and formalizes all-signing even-cycle-square optimizer conjecture; candidate shortlist predates commit,,Repository specification; no new proof,research/conjectures/TARGET_A_SPEC.md,https://github.com/whzy3185/math/blob/c3e4460929c38d10f0b3a0e878267142303c9675/research/conjectures/TARGET_A_SPEC.md,c3e4460929c38d10f0b3a0e878267142303c9675,https://github.com/whzy3185/math/commit/fb4375f9588b558f162d7e3f6542c35b0056eea3,main
2026-08-15T09:11:25Z,2026-08-15,21d5b848ec6222e9cca8b263dcc9cd397b86b236,C029 / discovery,"Explicit tau=(+,+,-,+,-,-,+,-), both holonomies; claims rho²<1561/200<twisted² for all 8|n≥32; n32 exact certificate and n≤22 checks",Smallest-counterexample status explicitly unresolved at this checkpoint,Source theorem and recorded exact certificates; not rerun,research/checkpoints/TARGET_A_DISCOVERY_SNAPSHOT.md,https://github.com/whzy3185/math/blob/0ebfc7ba36c67fec5cb79bb9e515dcd3cb2c69c8/research/checkpoints/TARGET_A_DISCOVERY_SNAPSHOT.md,0ebfc7ba36c67fec5cb79bb9e515dcd3cb2c69c8,https://github.com/whzy3185/math/commit/21d5b848ec6222e9cca8b263dcc9cd397b86b236,agent/target-a-discovery-snapshot
2026-08-15T09:26:27Z,not explicitly stated / not established,e7efc5c1c9eeb1be116100b37b22be052d5b4c88,C029 / coverage,Quotient completeness audit added before larger minimality search,,Commit milestone; source audit family present,research/audit/QUOTIENT_COMPLETENESS_AUDIT.md,https://github.com/whzy3185/math/blob/0ebfc7ba36c67fec5cb79bb9e515dcd3cb2c69c8/research/audit/QUOTIENT_COMPLETENESS_AUDIT.md,0ebfc7ba36c67fec5cb79bb9e515dcd3cb2c69c8,https://github.com/whzy3185/math/commit/e7efc5c1c9eeb1be116100b37b22be052d5b4c88,agent/target-a-discovery-snapshot
2026-08-15T10:04:56Z,not explicitly stated / not established,9058177fd158ffbecf82798e247f3e0510243973,C029 / enumeration,Audited constant-memory bracelet stream added,,Commit milestone; source code present,research/scripts/target_a_bracelets.py,https://github.com/whzy3185/math/blob/0ebfc7ba36c67fec5cb79bb9e515dcd3cb2c69c8/research/scripts/target_a_bracelets.py,0ebfc7ba36c67fec5cb79bb9e515dcd3cb2c69c8,https://github.com/whzy3185/math/commit/9058177fd158ffbecf82798e247f3e0510243973,agent/target-a-discovery-snapshot
2026-08-15T11:35:34Z,not explicitly stated / not established,35df4857f55f47a616049c33381a3e62b79d06be,C029 / minimality,Exhaustive exact verification reaches n=24,,Recorded computation; not rerun,research/experiments/TARGET_A_N24_RESULT.md,https://github.com/whzy3185/math/blob/0ebfc7ba36c67fec5cb79bb9e515dcd3cb2c69c8/research/experiments/TARGET_A_N24_RESULT.md,0ebfc7ba36c67fec5cb79bb9e515dcd3cb2c69c8,https://github.com/whzy3185/math/commit/35df4857f55f47a616049c33381a3e62b79d06be,agent/target-a-discovery-snapshot
2026-08-15T12:08:52Z,not explicitly stated / not established,0b041e4871ad8e222905a78832006711afea4cc7,C029 / minimality,Exhaustive exact verification reaches n=26,,Recorded computation; not rerun,research/experiments/TARGET_A_N26_RESULT.md,https://github.com/whzy3185/math/blob/0ebfc7ba36c67fec5cb79bb9e515dcd3cb2c69c8/research/experiments/TARGET_A_N26_RESULT.md,0ebfc7ba36c67fec5cb79bb9e515dcd3cb2c69c8,https://github.com/whzy3185/math/commit/0b041e4871ad8e222905a78832006711afea4cc7,agent/target-a-discovery-snapshot
2026-08-15T12:31:17Z,not explicitly stated / not established,dce3da9a875c40f969352870c7e3b61f281c900e,C029 / minimality,Exhaustive exact verification reaches n=28,,Recorded computation; not rerun,research/experiments/TARGET_A_N28_RESULT.md,https://github.com/whzy3185/math/blob/0ebfc7ba36c67fec5cb79bb9e515dcd3cb2c69c8/research/experiments/TARGET_A_N28_RESULT.md,0ebfc7ba36c67fec5cb79bb9e515dcd3cb2c69c8,https://github.com/whzy3185/math/commit/dce3da9a875c40f969352870c7e3b61f281c900e,agent/target-a-discovery-snapshot
2026-08-15T13:39:22Z,not explicitly stated / not established,a29bddc499e56bf7c7db633094713c0ef067ce11,C029 / minimality,Exhaustive exact verification reaches n=30,,Recorded computation; not rerun,research/experiments/TARGET_A_N30_RESULT.md,https://github.com/whzy3185/math/blob/0ebfc7ba36c67fec5cb79bb9e515dcd3cb2c69c8/research/experiments/TARGET_A_N30_RESULT.md,0ebfc7ba36c67fec5cb79bb9e515dcd3cb2c69c8,https://github.com/whzy3185/math/commit/a29bddc499e56bf7c7db633094713c0ef067ce11,agent/target-a-discovery-snapshot
2026-08-15T14:13:17Z,2026-08-15,cd14e6ab001a5321e95e2e4412e55c33cbbea5c6,C029 / minimality,Promotes n=32 to smallest counterexample using exhaustion of even 8..30,Supersedes earlier unresolved minimality status,Computer-assisted theorem in source; not rerun,research/proofs/TARGET_A_SMALLEST_COUNTEREXAMPLE.md,https://github.com/whzy3185/math/blob/0ebfc7ba36c67fec5cb79bb9e515dcd3cb2c69c8/research/proofs/TARGET_A_SMALLEST_COUNTEREXAMPLE.md,0ebfc7ba36c67fec5cb79bb9e515dcd3cb2c69c8,https://github.com/whzy3185/math/commit/cd14e6ab001a5321e95e2e4412e55c33cbbea5c6,agent/target-a-discovery-snapshot
2026-08-15T14:34:57Z,not explicitly stated / not established,93bd269bbe51a99057c751d07d1de57d8a22a36b,C029 / audit,Independently reconstruct n32 witness in different gauge,,Recorded independent reconstruction,research/audit/N32_WITNESS_RECONSTRUCTION.md,https://github.com/whzy3185/math/blob/0ebfc7ba36c67fec5cb79bb9e515dcd3cb2c69c8/research/audit/N32_WITNESS_RECONSTRUCTION.md,0ebfc7ba36c67fec5cb79bb9e515dcd3cb2c69c8,https://github.com/whzy3185/math/commit/93bd269bbe51a99057c751d07d1de57d8a22a36b,agent/target-a-discovery-snapshot
2026-08-15T15:11:14Z,not explicitly stated / not established,344f445178cd65501604a8bb7ed523de8c0c4dd8,C029 / Floquet,Independent period-eight Floquet determinant audit,,Recorded audit; not rerun,research/audit/PERIOD8_FLOQUET_INDEPENDENT_AUDIT.md,https://github.com/whzy3185/math/blob/0ebfc7ba36c67fec5cb79bb9e515dcd3cb2c69c8/research/audit/PERIOD8_FLOQUET_INDEPENDENT_AUDIT.md,0ebfc7ba36c67fec5cb79bb9e515dcd3cb2c69c8,https://github.com/whzy3185/math/commit/344f445178cd65501604a8bb7ed523de8c0c4dd8,agent/target-a-discovery-snapshot
2026-08-16T03:11:25Z,not explicitly stated / not established,239ff8d206e88bbc7463863ad635bbf73e350791,C029 / infinite family,Independent audit of period-eight infinite counterexample family,,Recorded audit; not rerun,research/audit/PERIOD8_INFINITE_FAMILY_INDEPENDENT_AUDIT.md,https://github.com/whzy3185/math/blob/0ebfc7ba36c67fec5cb79bb9e515dcd3cb2c69c8/research/audit/PERIOD8_INFINITE_FAMILY_INDEPENDENT_AUDIT.md,0ebfc7ba36c67fec5cb79bb9e515dcd3cb2c69c8,https://github.com/whzy3185/math/commit/239ff8d206e88bbc7463863ad635bbf73e350791,agent/target-a-discovery-snapshot
2026-08-16T03:53:27Z,not explicitly stated / not established,c7bfed6dcf881e00cc1d900c2d514d1de4298ab1,C029 / spectral edge,Sharp squared bulk edge eta=4+sqrt(10+2sqrt(5)),,Source theorem,research/proofs/TARGET_A_PERIOD8_SHARP_CONSTANT.md,https://github.com/whzy3185/math/blob/0ebfc7ba36c67fec5cb79bb9e515dcd3cb2c69c8/research/proofs/TARGET_A_PERIOD8_SHARP_CONSTANT.md,0ebfc7ba36c67fec5cb79bb9e515dcd3cb2c69c8,https://github.com/whzy3185/math/commit/c7bfed6dcf881e00cc1d900c2d514d1de4298ab1,agent/target-a-discovery-snapshot
2026-08-16T04:21:06Z,not explicitly stated / not established,b2c58f26e9753831ca5db8d8615ba16a0670e3df,C029 / period-eight phases,"Period-eight flux classification, unique optimum and second-best phase",,Source exact finite classification,research/proofs/TARGET_A_PERIOD8_PATTERN_CLASSIFICATION.md,https://github.com/whzy3185/math/blob/0ebfc7ba36c67fec5cb79bb9e515dcd3cb2c69c8/research/proofs/TARGET_A_PERIOD8_PATTERN_CLASSIFICATION.md,0ebfc7ba36c67fec5cb79bb9e515dcd3cb2c69c8,https://github.com/whzy3185/math/commit/b2c58f26e9753831ca5db8d8615ba16a0670e3df,agent/target-a-discovery-snapshot
2026-08-16T04:59:14Z,not explicitly stated / not established,c5cadf3ec7e160fc994453907fe83c579dc89646,C029 / structure,Antipodal positive-defect mechanism and chiral reduction,,Source structural theorem,research/proofs/TARGET_A_PERIOD8_STRUCTURAL_MECHANISM.md,https://github.com/whzy3185/math/blob/0ebfc7ba36c67fec5cb79bb9e515dcd3cb2c69c8/research/proofs/TARGET_A_PERIOD8_STRUCTURAL_MECHANISM.md,0ebfc7ba36c67fec5cb79bb9e515dcd3cb2c69c8,https://github.com/whzy3185/math/commit/c5cadf3ec7e160fc994453907fe83c579dc89646,agent/target-a-discovery-snapshot
2026-08-16T05:26:10Z,not explicitly stated / not established,637de46394592f918f8e719c88648a46077f1214,C029 / moments,General-period closed-walk obstruction identities,Necessary conditions; not global all-period optimality,Source theorem,research/proofs/TARGET_A_GENERAL_PERIOD_MOMENT_OBSTRUCTIONS.md,https://github.com/whzy3185/math/blob/0ebfc7ba36c67fec5cb79bb9e515dcd3cb2c69c8/research/proofs/TARGET_A_GENERAL_PERIOD_MOMENT_OBSTRUCTIONS.md,0ebfc7ba36c67fec5cb79bb9e515dcd3cb2c69c8,https://github.com/whzy3185/math/commit/637de46394592f918f8e719c88648a46077f1214,agent/target-a-discovery-snapshot
2026-08-16T05:44:48Z,not explicitly stated / not established,d43046f86d6b9f9ddf9a38b9d63dae0d11a7178d,C029 / low period,Low-period spectral frontier and primitive-period≤16 uniqueness,Bounded period only,Source bounded exact classification,research/proofs/TARGET_A_LOW_PERIOD_SPECTRAL_FRONTIER.md,https://github.com/whzy3185/math/blob/0ebfc7ba36c67fec5cb79bb9e515dcd3cb2c69c8/research/proofs/TARGET_A_LOW_PERIOD_SPECTRAL_FRONTIER.md,0ebfc7ba36c67fec5cb79bb9e515dcd3cb2c69c8,https://github.com/whzy3185/math/commit/d43046f86d6b9f9ddf9a38b9d63dae0d11a7178d,agent/target-a-discovery-snapshot
2026-08-16T06:07:56Z,2026-08-16,5a1919c5a2241aca91e2415f43aa50506ccd70c0,C029 / literature,Novelty and priority audit with explicit public-visibility limitations,Git timestamps are not public disclosure timestamps,Historical literature audit,research/literature/TARGET_A_PROVENANCE_TIMELINE.md,https://github.com/whzy3185/math/blob/0ebfc7ba36c67fec5cb79bb9e515dcd3cb2c69c8/research/literature/TARGET_A_PROVENANCE_TIMELINE.md,0ebfc7ba36c67fec5cb79bb9e515dcd3cb2c69c8,https://github.com/whzy3185/math/commit/5a1919c5a2241aca91e2415f43aa50506ccd70c0,agent/target-a-discovery-snapshot
2026-08-16T06:21:51Z,not explicitly stated / not established,dfb9c9846fa95545fdb1a5153ceabe1767c9ee0a,C029 / reproducibility,Full slow reproduction recorded for large finite searches,,Recorded run; not rerun,research/reproducibility/TARGET_A_FULL_SLOW_REPRODUCTION.md,https://github.com/whzy3185/math/blob/0ebfc7ba36c67fec5cb79bb9e515dcd3cb2c69c8/research/reproducibility/TARGET_A_FULL_SLOW_REPRODUCTION.md,0ebfc7ba36c67fec5cb79bb9e515dcd3cb2c69c8,https://github.com/whzy3185/math/commit/dfb9c9846fa95545fdb1a5153ceabe1767c9ee0a,agent/target-a-discovery-snapshot
2026-08-20T07:21:08Z,not explicitly stated / not established,c81be34a3b12a7ac47adbb4499c475df7bf4fc04,C029 / manuscript,Draft first Markdown manuscript,Historical broad draft,Manuscript milestone,research/paper/manuscript_md/TARGET_A_MANUSCRIPT_V2.md,https://github.com/whzy3185/math/blob/0ebfc7ba36c67fec5cb79bb9e515dcd3cb2c69c8/research/paper/manuscript_md/TARGET_A_MANUSCRIPT_V2.md,0ebfc7ba36c67fec5cb79bb9e515dcd3cb2c69c8,https://github.com/whzy3185/math/commit/c81be34a3b12a7ac47adbb4499c475df7bf4fc04,agent/target-a-discovery-snapshot
2026-08-20T10:29:33Z,not explicitly stated / not established,1f7688061071f736b801a2c007559d9525929fed,C029 / manuscript,Publication-grade English LaTeX reconstruction,Later frozen historical manuscript,Manuscript milestone,research/paper/manuscript_tex_pub/main.tex,https://github.com/whzy3185/math/blob/0ebfc7ba36c67fec5cb79bb9e515dcd3cb2c69c8/research/paper/manuscript_tex_pub/main.tex,0ebfc7ba36c67fec5cb79bb9e515dcd3cb2c69c8,https://github.com/whzy3185/math/commit/1f7688061071f736b801a2c007559d9525929fed,agent/target-a-discovery-snapshot
2026-08-20T11:31:22Z,not explicitly stated / not established,d1f219d30d387c4c31a4de57d259e804e862f210,C029 / manuscript,Chinese publication-format version,Later frozen historical manuscript,Manuscript milestone,research/paper/manuscript_tex_pub_zh/main.tex,https://github.com/whzy3185/math/blob/0ebfc7ba36c67fec5cb79bb9e515dcd3cb2c69c8/research/paper/manuscript_tex_pub_zh/main.tex,0ebfc7ba36c67fec5cb79bb9e515dcd3cb2c69c8,https://github.com/whzy3185/math/commit/d1f219d30d387c4c31a4de57d259e804e862f210,agent/target-a-discovery-snapshot
2026-08-21T14:06:50Z,not explicitly stated / not established,9d75ce04fd4509034ef65db50177d236f13479ab,C029 / review,Major-revision review closed,,Recorded review; not independent fresh validation,research/review/TARGET_A_REVIEWER_THREE_MAJOR_REVISION.md,https://github.com/whzy3185/math/blob/0ebfc7ba36c67fec5cb79bb9e515dcd3cb2c69c8/research/review/TARGET_A_REVIEWER_THREE_MAJOR_REVISION.md,0ebfc7ba36c67fec5cb79bb9e515dcd3cb2c69c8,https://github.com/whzy3185/math/commit/9d75ce04fd4509034ef65db50177d236f13479ab,agent/target-a-discovery-snapshot
2026-08-22T10:06:40Z,not explicitly stated / not established,787b5d7167a1bfd2a6416d6ff49abbab4904739b,C029 / frontier,Exact frontier extended through period 24,Bounded frontier not all-period theorem,Commit milestone,research/discovery/task48a/TARGET_A_P24_OPTIMALITY_THEOREM_CANDIDATE.md,https://github.com/whzy3185/math/blob/0ebfc7ba36c67fec5cb79bb9e515dcd3cb2c69c8/research/discovery/task48a/TARGET_A_P24_OPTIMALITY_THEOREM_CANDIDATE.md,0ebfc7ba36c67fec5cb79bb9e515dcd3cb2c69c8,https://github.com/whzy3185/math/commit/787b5d7167a1bfd2a6416d6ff49abbab4904739b,agent/target-a-discovery-snapshot
2026-08-22T12:48:39Z,not explicitly stated / not established,d33ffc4c295672ad7a08d871c1615c995c9ef5c5,C029 / G6,Certified gap-six interface state,,Recorded exact certificate,research/proofs/task50/,https://github.com/whzy3185/math/tree/0ebfc7ba36c67fec5cb79bb9e515dcd3cb2c69c8/research/proofs/task50/,0ebfc7ba36c67fec5cb79bb9e515dcd3cb2c69c8,https://github.com/whzy3185/math/commit/d33ffc4c295672ad7a08d871c1615c995c9ef5c5,agent/target-a-discovery-snapshot
2026-08-22T14:10:50Z,not explicitly stated / not established,6997725de4e2442c2d7730556a23805aaf7b0b05,C029 / G6,Algebraic c6 structure and asymptotic phase map,,Commit milestone,research/discovery/task51/TARGET_A_ALGEBRAIC_INTERFACE_STRUCTURE.md,https://github.com/whzy3185/math/blob/0ebfc7ba36c67fec5cb79bb9e515dcd3cb2c69c8/research/discovery/task51/TARGET_A_ALGEBRAIC_INTERFACE_STRUCTURE.md,0ebfc7ba36c67fec5cb79bb9e515dcd3cb2c69c8,https://github.com/whzy3185/math/commit/6997725de4e2442c2d7730556a23805aaf7b0b05,agent/target-a-discovery-snapshot
2026-08-23T14:24:25Z,not explicitly stated / not established,34884b4fce050c1932eecfcaa0370f27d2ad792c,C029 / G6,Global G6 edge theorem enters dependency chain,Later multiplicity correction,Computer-assisted theorem in source,research/proofs/task53/TARGET_A_G6_GLOBAL_EDGE_THEOREM.md,https://github.com/whzy3185/math/blob/0ebfc7ba36c67fec5cb79bb9e515dcd3cb2c69c8/research/proofs/task53/TARGET_A_G6_GLOBAL_EDGE_THEOREM.md,0ebfc7ba36c67fec5cb79bb9e515dcd3cb2c69c8,https://github.com/whzy3185/math/commit/34884b4fce050c1932eecfcaa0370f27d2ad792c,agent/target-a-discovery-snapshot
2026-08-23T14:24:40Z,not explicitly stated / not established,5b03c766c29aea66bd3840508d41c6ace43daacc,C029 / all-even tail,Eventual all-even failure theorem via charge-compatible interfaces and IMS,,Computer-assisted analytic-tail theorem in source,research/proofs/task53/,https://github.com/whzy3185/math/tree/0ebfc7ba36c67fec5cb79bb9e515dcd3cb2c69c8/research/proofs/task53/,0ebfc7ba36c67fec5cb79bb9e515dcd3cb2c69c8,https://github.com/whzy3185/math/commit/5b03c766c29aea66bd3840508d41c6ace43daacc,agent/target-a-discovery-snapshot
2026-08-23T16:02:47Z,not explicitly stated / not established,07a922ea9fc084f08dc48299dd4535c5a32bbf15,C029 / retracted model,Original exact-r G6 excitation count asserted,FALSIFIED_AS_STATED; replaced by exact-2r,Historical invalid theorem,research/proofs/task54/TARGET_A_EXACT_R_PHASE_SLIP_EXCITATION_THEOREM.md,https://github.com/whzy3185/math/blob/0ebfc7ba36c67fec5cb79bb9e515dcd3cb2c69c8/research/proofs/task54/TARGET_A_EXACT_R_PHASE_SLIP_EXCITATION_THEOREM.md,0ebfc7ba36c67fec5cb79bb9e515dcd3cb2c69c8,https://github.com/whzy3185/math/commit/07a922ea9fc084f08dc48299dd4535c5a32bbf15,agent/target-a-discovery-snapshot
2026-08-23T20:30:02Z,not explicitly stated / not established,c26c18f9077f184b8a62684baf2feb1e099edccc,C029 / rank correction,G6 squared multiplicity is two; separated r interfaces require 2r modes; n≥48 counterexamples survive,"Retracts exact-r, codimension-r, r×r Feshbach",Correction source and commit diff inspected,research/proofs/task55/TARGET_A_G6_RANK_DOUBLING_CORRECTION.md,https://github.com/whzy3185/math/blob/0ebfc7ba36c67fec5cb79bb9e515dcd3cb2c69c8/research/proofs/task55/TARGET_A_G6_RANK_DOUBLING_CORRECTION.md,0ebfc7ba36c67fec5cb79bb9e515dcd3cb2c69c8,https://github.com/whzy3185/math/commit/c26c18f9077f184b8a62684baf2feb1e099edccc,agent/target-a-discovery-snapshot
2026-08-23T20:52:37Z,not explicitly stated / not established,e6a01d8bf30088dae1042a237398bee2df138280,C029 / single gap,Abnormal positive single-gap hierarchy,Does not cover arbitrary multi-gap cores,Computer-assisted theorem in source,research/proofs/task57/TARGET_A_UNIFORM_SINGLE_GAP_SEPARATION.md,https://github.com/whzy3185/math/blob/0ebfc7ba36c67fec5cb79bb9e515dcd3cb2c69c8/research/proofs/task57/TARGET_A_UNIFORM_SINGLE_GAP_SEPARATION.md,0ebfc7ba36c67fec5cb79bb9e515dcd3cb2c69c8,https://github.com/whzy3185/math/commit/e6a01d8bf30088dae1042a237398bee2df138280,agent/target-a-discovery-snapshot
2026-08-24T04:22:24Z,not explicitly stated / not established,06316943472d9a1ea22f57b383bd3a0091cd4577,C029 / canonical package,Task57 proof package; canonical import safety separates superseded sources,Historical exact-r corpus quarantined,Recorded proof package,research/paper/proof_completion/TARGET_A_MANUSCRIPT_IMPORT_SAFETY.md,https://github.com/whzy3185/math/blob/0ebfc7ba36c67fec5cb79bb9e515dcd3cb2c69c8/research/paper/proof_completion/TARGET_A_MANUSCRIPT_IMPORT_SAFETY.md,0ebfc7ba36c67fec5cb79bb9e515dcd3cb2c69c8,https://github.com/whzy3185/math/commit/06316943472d9a1ea22f57b383bd3a0091cd4577,agent/target-a-discovery-snapshot
2026-08-24T05:23:18Z,not explicitly stated / not established,20eb153560df30980ff5ee842246579af40faae5,C029 / proof repair,Task57.5 repairs final proof connections,,Commit milestone,research/paper/proof_completion/TARGET_A_FINAL_PROOF_REPAIR_SYNTHESIS.md,https://github.com/whzy3185/math/blob/0ebfc7ba36c67fec5cb79bb9e515dcd3cb2c69c8/research/paper/proof_completion/TARGET_A_FINAL_PROOF_REPAIR_SYNTHESIS.md,0ebfc7ba36c67fec5cb79bb9e515dcd3cb2c69c8,https://github.com/whzy3185/math/commit/20eb153560df30980ff5ee842246579af40faae5,agent/target-a-discovery-snapshot
2026-08-24T18:33:54Z,not explicitly stated / not established,0ebfc7ba36c67fec5cb79bb9e515dcd3cb2c69c8,C029 / JGT manuscript,When Is the Twisted Signing of an Even Cycle Square Spectrally Optimal? 37-page main plus 12-page supplement; full equality truth-set claim,No global minimum or all-minimizer classification at failing orders,Manuscript theorem + recorded build audit,research/paper/manuscript_tex_task59/frontmatter.tex,https://github.com/whzy3185/math/blob/0ebfc7ba36c67fec5cb79bb9e515dcd3cb2c69c8/research/paper/manuscript_tex_task59/frontmatter.tex,0ebfc7ba36c67fec5cb79bb9e515dcd3cb2c69c8,https://github.com/whzy3185/math/commit/0ebfc7ba36c67fec5cb79bb9e515dcd3cb2c69c8,agent/target-a-discovery-snapshot
2026-08-24T19:53:23Z,not explicitly stated / not established,e9a175438f3aac353f90f65a241e4829f555c0ed,"General C_N(1,s)",General switching algebra starts beyond s=2,,Commit milestone,research/generalization/circulant_1s/task60/,https://github.com/whzy3185/math/tree/44ff33a89294056907d0b909d68a8db27371c4f0/research/generalization/circulant_1s/task60/,44ff33a89294056907d0b909d68a8db27371c4f0,https://github.com/whzy3185/math/commit/e9a175438f3aac353f90f65a241e4829f555c0ed,proof/complete-mathematical-closure
2026-08-24T20:01:02Z,not explicitly stated / not established,bf1d75c8545e8bec79ec39086a27aa9b61d412a2,"General C_N(1,s)",General twisted candidate derived,,Commit milestone,research/generalization/circulant_1s/task60/,https://github.com/whzy3185/math/tree/44ff33a89294056907d0b909d68a8db27371c4f0/research/generalization/circulant_1s/task60/,44ff33a89294056907d0b909d68a8db27371c4f0,https://github.com/whzy3185/math/commit/bf1d75c8545e8bec79ec39086a27aa9b61d412a2,proof/complete-mathematical-closure
2026-08-24T20:01:02Z,未单独核定,bf1d75c8545e8bec79ec39086a27aa9b61d412a2,一般跳长入口,"Task60把C_n(1,2)推广为C_N(1,s)的switching、H²和twisted色散基础",,仓库新增解析基础；本轮未重证,research/generalization/circulant_1s/task60/TASK60_GENERAL_H2_FORMULA.md,https://github.com/whzy3185/math/blob/bf1d75c8545e8bec79ec39086a27aa9b61d412a2/research/generalization/circulant_1s/task60/TASK60_GENERAL_H2_FORMULA.md,bf1d75c8545e8bec79ec39086a27aa9b61d412a2,https://github.com/whzy3185/math/commit/bf1d75c8545e8bec79ec39086a27aa9b61d412a2,analytic-proof-first;exp/circulant-1s-generalization;paper/circulant-all-jump-rebuild-20260909;paper/circulant-finite-threshold-20260909;paper/circulant-periodic-gap-20260909;paper/jgt-authorial-rewrite;paper/period8-conclusion-correction;period8-paper-strengthening;proof/complete-mathematical-closure;research/circulant-1s-extension;research/quadratic-gap-upgrade;research/spectral-related-work-refresh
2026-08-25T10:40:22Z,not explicitly stated / not established,833face614d2e9bda09d7d7112dc89f9a78b3555,C029 / JGT manuscript,Final journal prose polish after figures and author metadata,,Manuscript milestone,research/paper/task59/TASK59_FINAL_PROSE_AUDIT.md,https://github.com/whzy3185/math/blob/44ff33a89294056907d0b909d68a8db27371c4f0/research/paper/task59/TASK59_FINAL_PROSE_AUDIT.md,44ff33a89294056907d0b909d68a8db27371c4f0,https://github.com/whzy3185/math/commit/833face614d2e9bda09d7d7112dc89f9a78b3555,proof/complete-mathematical-closure
2026-08-31T13:20:47Z,未单独核定,ebc6de4fb67eeae7af961eb415a4dc1fdcc4c2c7,文献与文章路线,重建谱图/周期算子相关文献并说明文章证明结构,,截至2026-08-31的历史文献整理，不代表2026-10最新检索,research/related_work/README.md,https://github.com/whzy3185/math/blob/ebc6de4fb67eeae7af961eb415a4dc1fdcc4c2c7/research/related_work/README.md,ebc6de4fb67eeae7af961eb415a4dc1fdcc4c2c7,https://github.com/whzy3185/math/commit/ebc6de4fb67eeae7af961eb415a4dc1fdcc4c2c7,analytic-proof-first;paper/circulant-all-jump-rebuild-20260909;paper/circulant-finite-threshold-20260909;paper/circulant-periodic-gap-20260909;paper/jgt-authorial-rewrite;paper/period8-conclusion-correction;period8-paper-strengthening;proof/complete-mathematical-closure;research/circulant-1s-extension;research/quadratic-gap-upgrade;research/spectral-related-work-refresh
2026-09-01T01:39:40Z,not explicitly stated / not established,8b43d8f311abd6fb3c78102de7e71e199c684bd5,C029 / closure audit,Exact computer-assisted classification audit closed,Not pure analytic closure,Repository audit claim; not rerun,research/proof_closure/FINAL_MATHEMATICAL_PROOF_STATUS.md,https://github.com/whzy3185/math/blob/44ff33a89294056907d0b909d68a8db27371c4f0/research/proof_closure/FINAL_MATHEMATICAL_PROOF_STATUS.md,44ff33a89294056907d0b909d68a8db27371c4f0,https://github.com/whzy3185/math/commit/8b43d8f311abd6fb3c78102de7e71e199c684bd5,proof/complete-mathematical-closure
2026-09-01T03:33:05Z,2026-09-01,576197e868083121a74204cbd100b0abcf8c876c,C029 / Lean foundations,Pinned Lean/mathlib 4.33.1 foundation; residue/phase-slip arithmetic only; recorded lake build PASS,Complete classification unformalized,Recorded build + source inventory,research/proof_closure/LEAN_BUILD_STATUS.md,https://github.com/whzy3185/math/blob/44ff33a89294056907d0b909d68a8db27371c4f0/research/proof_closure/LEAN_BUILD_STATUS.md,44ff33a89294056907d0b909d68a8db27371c4f0,https://github.com/whzy3185/math/commit/576197e868083121a74204cbd100b0abcf8c876c,proof/complete-mathematical-closure
2026-09-01T07:30:05Z,not explicitly stated / not established,768854b1ee47930d5508ab2f304f069ca9fac8e7,C029 / R2 bulk,Residue-two bulk Riccati propagation closed,Boundary response still open,Source audit describes analytic bulk closure,research/proof_closure/ANALYTIC_GAP_AUDIT_CURRENT.md,https://github.com/whzy3185/math/blob/44ff33a89294056907d0b909d68a8db27371c4f0/research/proof_closure/ANALYTIC_GAP_AUDIT_CURRENT.md,44ff33a89294056907d0b909d68a8db27371c4f0,https://github.com/whzy3185/math/commit/768854b1ee47930d5508ab2f304f069ca9fac8e7,proof/complete-mathematical-closure
2026-09-01T09:42:33Z,not explicitly stated / not established,44ff33a89294056907d0b909d68a8db27371c4f0,C029 / analytic gaps,Audit distinguishes exact computer-assisted classification from missing pure analytic R2/R4/R6 and equality proofs,Branch name is not all-analytic completion,Current source audit inspected,research/proof_closure/ANALYTIC_GAP_AUDIT_CURRENT.md,https://github.com/whzy3185/math/blob/44ff33a89294056907d0b909d68a8db27371c4f0/research/proof_closure/ANALYTIC_GAP_AUDIT_CURRENT.md,44ff33a89294056907d0b909d68a8db27371c4f0,https://github.com/whzy3185/math/commit/44ff33a89294056907d0b909d68a8db27371c4f0,proof/complete-mathematical-closure
2026-09-02T06:48:37Z,not explicitly stated / not established,43c5903917f45ece9bc2facbf0fde936bf74e0e6,C029 / analytic-first fork,Initialize analytic-first proof inventory,,Commit milestone,research/analytic_inventory/README.md,https://github.com/whzy3185/math/blob/7b6a351cc5f8f83f5527b7fc547f0a865ea50cf2/research/analytic_inventory/README.md,7b6a351cc5f8f83f5527b7fc547f0a865ea50cf2,https://github.com/whzy3185/math/commit/43c5903917f45ece9bc2facbf0fde936bf74e0e6,analytic-proof-first
2026-09-02T07:57:25Z,not explicitly stated / not established,5a115a50f8feeaf6dc36238457be70532ff96a40,C029 / analytic period-eight,Complete analytic period-eight family statement,8-divisible family only,Source theorem,research/analytic_inventory/period8_complete_analytic_proof.md,https://github.com/whzy3185/math/blob/7b6a351cc5f8f83f5527b7fc547f0a865ea50cf2/research/analytic_inventory/period8_complete_analytic_proof.md,7b6a351cc5f8f83f5527b7fc547f0a865ea50cf2,https://github.com/whzy3185/math/commit/5a115a50f8feeaf6dc36238457be70532ff96a40,analytic-proof-first
2026-09-02T08:21:23Z,not explicitly stated / not established,11e1d23fead9e8b48a112dfa516c4d2cc983d9a6,C029 / R2 retraction,Tail lemma downgraded to target; explicit pivot-inverse termwise majorant missing,ANALYTIC_TAIL_MAJORANT_OPEN,Correction source and diff inspected,research/analytic_inventory/r2_boundary_tail_closure.md,https://github.com/whzy3185/math/blob/7b6a351cc5f8f83f5527b7fc547f0a865ea50cf2/research/analytic_inventory/r2_boundary_tail_closure.md,7b6a351cc5f8f83f5527b7fc547f0a865ea50cf2,https://github.com/whzy3185/math/commit/11e1d23fead9e8b48a112dfa516c4d2cc983d9a6,analytic-proof-first
2026-09-02T08:28:05Z,not explicitly stated / not established,ea153e7b63352ac968730d2ba107d216d1af9ba0,C029 / rejected shortcut,Reject monotone residue-two core shortcut,Core differences have positive and negative eigenvalues,Source audit inspected,research/analytic_inventory/r2_tail_line_audit.md,https://github.com/whzy3185/math/blob/7b6a351cc5f8f83f5527b7fc547f0a865ea50cf2/research/analytic_inventory/r2_tail_line_audit.md,7b6a351cc5f8f83f5527b7fc547f0a865ea50cf2,https://github.com/whzy3185/math/commit/ea153e7b63352ac968730d2ba107d216d1af9ba0,analytic-proof-first
2026-09-02T12:32:41Z,not explicitly stated / not established,4d14a949c7eb93dd874b93dec4b0ec32602e5f0d,C029 / benchmark correction,Repair incorrect twisted-grid monotonicity argument via interval split and derivative,Old turning-point prose wrong,Correction diff inspected,research/proof_closure/TWISTED_SIGNING_SPECTRUM.md,https://github.com/whzy3185/math/blob/7b6a351cc5f8f83f5527b7fc547f0a865ea50cf2/research/proof_closure/TWISTED_SIGNING_SPECTRUM.md,7b6a351cc5f8f83f5527b7fc547f0a865ea50cf2,https://github.com/whzy3185/math/commit/4d14a949c7eb93dd874b93dec4b0ec32602e5f0d,analytic-proof-first
2026-09-02T12:57:10Z,not explicitly stated / not established,cef9c0dbbb4ea7a3f504eb35b80cfdb779e02805,C029 / Lean polynomial,Certify period-eight rational polynomial bound in Lean,,Formal source + recorded scope,formal/TargetA/Period8Polynomial.lean,https://github.com/whzy3185/math/blob/7b6a351cc5f8f83f5527b7fc547f0a865ea50cf2/formal/TargetA/Period8Polynomial.lean,7b6a351cc5f8f83f5527b7fc547f0a865ea50cf2,https://github.com/whzy3185/math/commit/cef9c0dbbb4ea7a3f504eb35b80cfdb779e02805,analytic-proof-first
2026-09-02T15:23:17Z,not explicitly stated / not established,8d16c04d050ee61307534f3213d5a36bef2189b2,C029 / Lean benchmark,Formal threshold comparison for all period-eight orders,,Formal source + recorded scope,formal/TargetA/TwistedThreshold.lean,https://github.com/whzy3185/math/blob/7b6a351cc5f8f83f5527b7fc547f0a865ea50cf2/formal/TargetA/TwistedThreshold.lean,7b6a351cc5f8f83f5527b7fc547f0a865ea50cf2,https://github.com/whzy3185/math/commit/8d16c04d050ee61307534f3213d5a36bef2189b2,analytic-proof-first
2026-09-04T05:16:40Z,2026-09-04,c1c4600c0f882edaf675742cbc6f620ce5e2d321,C029 / frozen Lean kernel,Freeze alpha=+1 period-eight theorem through actual finite Hermitian eigenvalue comparison,"Excludes alpha=-1,trichotomy,moments,G6,R2/R4/R6,all-even classification",Actual theorem source inspected; recorded lake build PASS,formal/TargetA/Period8BlochAction.lean,https://github.com/whzy3185/math/blob/7b6a351cc5f8f83f5527b7fc547f0a865ea50cf2/formal/TargetA/Period8BlochAction.lean,7b6a351cc5f8f83f5527b7fc547f0a865ea50cf2,https://github.com/whzy3185/math/commit/c1c4600c0f882edaf675742cbc6f620ce5e2d321,analytic-proof-first
2026-09-04T05:19:38Z,2026-09-04,4034a6dfdec4e6c981a2eb99181c63efd51c287f,C029 / concise analytic paper,New period-eight manuscript core; recorded second passing build,Generic ENNReal spectralRadius wrapper timed out; eigenvalue theorem complete,Manuscript and recorded build,research/paper/manuscript_period8_rebuild/manuscript_en.md,https://github.com/whzy3185/math/blob/7b6a351cc5f8f83f5527b7fc547f0a865ea50cf2/research/paper/manuscript_period8_rebuild/manuscript_en.md,7b6a351cc5f8f83f5527b7fc547f0a865ea50cf2,https://github.com/whzy3185/math/commit/4034a6dfdec4e6c981a2eb99181c63efd51c287f,analytic-proof-first
2026-09-04T06:18:24Z,2026-09-04,7b6a351cc5f8f83f5527b7fc547f0a865ea50cf2,C029 / JGT writing plan,"Detailed period-eight JGT plan, source hierarchy and narrow article scope",Old all-order manuscript remains different scope,Editorial source inspected,research/paper/manuscript_period8_rebuild/CURRENT_STATUS_AND_CONSTRUCTION_REQUIREMENTS.md,https://github.com/whzy3185/math/blob/7b6a351cc5f8f83f5527b7fc547f0a865ea50cf2/research/paper/manuscript_period8_rebuild/CURRENT_STATUS_AND_CONSTRUCTION_REQUIREMENTS.md,7b6a351cc5f8f83f5527b7fc547f0a865ea50cf2,https://github.com/whzy3185/math/commit/7b6a351cc5f8f83f5527b7fc547f0a865ea50cf2,analytic-proof-first
2026-09-04T14:36:07Z,未单独核定,6766ecbc20b084c648b29b0bf3813b8c1ecf86cb,八周期论文,完成JGT方向双语作者式改写；冻结稿围绕period8完整色散和首周期刚性,,论文存在；结尾随后发现错误,research/paper_strengthening/manuscript_period8_jgt/sections_en/07_conclusion.tex,https://github.com/whzy3185/math/blob/6766ecbc20b084c648b29b0bf3813b8c1ecf86cb/research/paper_strengthening/manuscript_period8_jgt/sections_en/07_conclusion.tex,6766ecbc20b084c648b29b0bf3813b8c1ecf86cb,https://github.com/whzy3185/math/commit/6766ecbc20b084c648b29b0bf3813b8c1ecf86cb,paper/circulant-all-jump-rebuild-20260909;paper/circulant-finite-threshold-20260909;paper/circulant-periodic-gap-20260909;paper/jgt-authorial-rewrite;paper/period8-conclusion-correction;research/circulant-1s-extension;research/quadratic-gap-upgrade
2026-09-05T05:05:55Z,未单独核定,29b63db32467e74f1b74e4f3a0f5a9db80987450,偶跳长推广,新增每个偶s≥2的primitive period4s对径双缺陷sub-eight构造,,仓库Proved标签；本轮状态/范围审计，未重证,research/generalization/circulant_1s/extension_20260905/EVEN_JUMP_THEOREM_AND_PROOF.md,https://github.com/whzy3185/math/blob/29b63db32467e74f1b74e4f3a0f5a9db80987450/research/generalization/circulant_1s/extension_20260905/EVEN_JUMP_THEOREM_AND_PROOF.md,29b63db32467e74f1b74e4f3a0f5a9db80987450,https://github.com/whzy3185/math/commit/29b63db32467e74f1b74e4f3a0f5a9db80987450,paper/circulant-all-jump-rebuild-20260909;paper/circulant-finite-threshold-20260909;paper/circulant-periodic-gap-20260909;research/circulant-1s-extension;research/quadratic-gap-upgrade
2026-09-05T06:22:22Z,未单独核定,29773c3d50dff19202b92f93a8d7a0c29353bc9e,定量加强,谱隙下界由原指数小量加强至1/(2s³)，并给有限比较充分阈值,,后续quadratic-gap进一步加强，不是当前最强常数,research/generalization/circulant_1s/extension_20260905/POLYNOMIAL_GAP_BOUND.md,https://github.com/whzy3185/math/blob/29773c3d50dff19202b92f93a8d7a0c29353bc9e/research/generalization/circulant_1s/extension_20260905/POLYNOMIAL_GAP_BOUND.md,29773c3d50dff19202b92f93a8d7a0c29353bc9e,https://github.com/whzy3185/math/commit/29773c3d50dff19202b92f93a8d7a0c29353bc9e,paper/circulant-all-jump-rebuild-20260909;paper/circulant-finite-threshold-20260909;paper/circulant-periodic-gap-20260909;research/circulant-1s-extension;research/quadratic-gap-upgrade
2026-09-05T07:22:47Z,未单独核定,2dc5b90d3ef86dc81a304379154d1063273a3c93,八周期纠错,将m(C_8L)=sqrt(eta)可能无限成立的问题，纠正为负holonomy给出严格更小的上界,,本轮逐字对读两版结尾，修正真实；不等于求出全局极小值,research/paper_strengthening/manuscript_period8_jgt/sections_en/07_conclusion.tex,https://github.com/whzy3185/math/blob/2dc5b90d3ef86dc81a304379154d1063273a3c93/research/paper_strengthening/manuscript_period8_jgt/sections_en/07_conclusion.tex,2dc5b90d3ef86dc81a304379154d1063273a3c93,https://github.com/whzy3185/math/commit/2dc5b90d3ef86dc81a304379154d1063273a3c93,paper/period8-conclusion-correction
2026-09-05T07:35:40Z,not explicitly stated / not established,d7f7ebea5ddae11c8280cb311305edf1b712b247,Repository navigation,Main adds navigation to research branches rather than merging them,Main is not latest unified research tree,Commit metadata and ancestry,README.md,https://github.com/whzy3185/math/blob/c3e4460929c38d10f0b3a0e878267142303c9675/README.md,c3e4460929c38d10f0b3a0e878267142303c9675,https://github.com/whzy3185/math/commit/d7f7ebea5ddae11c8280cb311305edf1b712b247,main
2026-09-06T07:57:19Z,未单独核定,3881fb8f31ea38da904efa1abca50fae96be79d6,相位零猜想否定,s=10以h=19997/10000、y=317/40精确Sturm分离否定Bloch最大值必在phase0,,反例证书正文已读；本轮未重跑脚本,research/generalization/circulant_1s/quadratic_gap_20260906/PHASE_SLIP_COUNTEREXAMPLE.md,https://github.com/whzy3185/math/blob/3881fb8f31ea38da904efa1abca50fae96be79d6/research/generalization/circulant_1s/quadratic_gap_20260906/PHASE_SLIP_COUNTEREXAMPLE.md,3881fb8f31ea38da904efa1abca50fae96be79d6,https://github.com/whzy3185/math/commit/3881fb8f31ea38da904efa1abca50fae96be79d6,paper/circulant-all-jump-rebuild-20260909;paper/circulant-finite-threshold-20260909;paper/circulant-periodic-gap-20260909;research/quadratic-gap-upgrade
2026-09-06T08:17:37Z,not separately dated,29b3fd9254fd969fac9ea3fc0163b0b3bf5b8115,Lonely Runner,Formal workspace introduced; temporary CI branch,,Source candidate; build status not inferred from this commit,,https://github.com/whzy3185/math/commit/29b3fd9254fd969fac9ea3fc0163b0b3bf5b8115,29b3fd9254fd969fac9ea3fc0163b0b3bf5b8115,https://github.com/whzy3185/math/commit/29b3fd9254fd969fac9ea3fc0163b0b3bf5b8115,lean-lonely-runner-ci
2026-09-06T08:26:36Z,not separately dated,19e1c88712c9d4c20810acc4841e5720e6925599,Lonely Runner,CI reconstructs v0.3 ZIP and runs real compilation,Replaces source-only validation posture,Workflow source; later success independently verified,,https://github.com/whzy3185/math/commit/19e1c88712c9d4c20810acc4841e5720e6925599,19e1c88712c9d4c20810acc4841e5720e6925599,https://github.com/whzy3185/math/commit/19e1c88712c9d4c20810acc4841e5720e6925599,lean-lonely-runner-ci
2026-09-06T08:29:28Z,未单独核定,6d48b849a1eff9e1385b3dfa4cf13cd26cc184e4,所有跳长尖锐渐近,将偶/奇s构造统一为所有s≥2并记录s²(8−Rhat_s)→π²；随后发展phase-slip高阶项,,指定构造连续Bloch谱边，不是所有signing全局极值,research/generalization/circulant_1s/quadratic_gap_20260906/ALL_S_UNIFIED_THEOREM.md,https://github.com/whzy3185/math/blob/6d48b849a1eff9e1385b3dfa4cf13cd26cc184e4/research/generalization/circulant_1s/quadratic_gap_20260906/ALL_S_UNIFIED_THEOREM.md,6d48b849a1eff9e1385b3dfa4cf13cd26cc184e4,https://github.com/whzy3185/math/commit/6d48b849a1eff9e1385b3dfa4cf13cd26cc184e4,paper/circulant-all-jump-rebuild-20260909;paper/circulant-finite-threshold-20260909;paper/circulant-periodic-gap-20260909;research/quadratic-gap-upgrade
2026-09-06T10:47:27Z,not separately dated,ca2561d7fe88ffe7e7da8cab977540bb7f1dbab2,Lonely Runner,FirstLaurent rewritten using list-based sparse normalizer,Implementation correction,Commit metadata; final compiled descendants inspected,,https://github.com/whzy3185/math/commit/ca2561d7fe88ffe7e7da8cab977540bb7f1dbab2,ca2561d7fe88ffe7e7da8cab977540bb7f1dbab2,https://github.com/whzy3185/math/commit/ca2561d7fe88ffe7e7da8cab977540bb7f1dbab2,lean-lonely-runner-ci
2026-09-06T12:23:32Z,2026-09-06,c8ec8e66ad0af4a80783f90899901a141b72bdd8,F017 / forbidden matrices,p=17 Case2 r=6 safe deletion proof by weighted inequalities 208<209,Named certificate script absent from this branch tree,Explicit proof note inspected,research/proofs/F017_CASE2_R6_INDEPENDENT_AUDIT.md,https://github.com/whzy3185/math/blob/9e9f93b4d17575004f352a1178174aaf06125c68/research/proofs/F017_CASE2_R6_INDEPENDENT_AUDIT.md,9e9f93b4d17575004f352a1178174aaf06125c68,https://github.com/whzy3185/math/commit/c8ec8e66ad0af4a80783f90899901a141b72bdd8,research/q1-discrete-full-push-20260906
2026-09-06T12:43:00Z,not separately dated,78f7f78dbf576d6f8eddce421edb1025534d7f86,Lonely Runner,First-certificate closure after nil-base fix,Corrects empty Fourier-list base case,GitHub Actions run 34033931858 success; HEAD log rechecks theorem,,https://github.com/whzy3185/math/commit/78f7f78dbf576d6f8eddce421edb1025534d7f86,78f7f78dbf576d6f8eddce421edb1025534d7f86,https://github.com/whzy3185/math/commit/78f7f78dbf576d6f8eddce421edb1025534d7f86,lean-lonely-runner-ci
2026-09-06T12:51:45Z,2026-09-06,9e9f93b4d17575004f352a1178174aaf06125c68,F017 / forbidden matrices,"Transitivity, clique components and Case1 closed; unique zero-cost clique K6 minus all-one","Full upper bound floor(21m/2)+1 remains conditional on Case2 r=4,5",Explicit proof note inspected,research/proofs/F017_TRANSITIVITY_CLIQUE_CASE1.md,https://github.com/whzy3185/math/blob/9e9f93b4d17575004f352a1178174aaf06125c68/research/proofs/F017_TRANSITIVITY_CLIQUE_CASE1.md,9e9f93b4d17575004f352a1178174aaf06125c68,https://github.com/whzy3185/math/commit/9e9f93b4d17575004f352a1178174aaf06125c68,research/q1-discrete-full-push-20260906
2026-09-06T12:55:00Z,not separately dated,97022f0afb279fe8cedc2ccfe050aeb095ec33c8,Lonely Runner,Adds second-certificate analytic negativity layer,,Patch 26 source inspected; later HEAD build checked,,https://github.com/whzy3185/math/commit/97022f0afb279fe8cedc2ccfe050aeb095ec33c8,97022f0afb279fe8cedc2ccfe050aeb095ec33c8,https://github.com/whzy3185/math/commit/97022f0afb279fe8cedc2ccfe050aeb095ec33c8,lean-lonely-runner-ci
2026-09-06T13:10:51Z,not separately dated,31582908aed19fe779be396a134c04df2737149c,Lonely Runner,Closed binomial cases switched to kernel decide,Replaces failing finite reductions,Patch source / later successful build,,https://github.com/whzy3185/math/commit/31582908aed19fe779be396a134c04df2737149c,31582908aed19fe779be396a134c04df2737149c,https://github.com/whzy3185/math/commit/31582908aed19fe779be396a134c04df2737149c,lean-lonely-runner-ci
2026-09-06T13:15:27Z,not separately dated,ca007d0ac640bd6f660bf97c0944d0d2421e67e4,Lonely Runner,"Second-coefficient parity signs, k=3/4/9",,Patch31 and HEAD CI #print axioms inspected,,https://github.com/whzy3185/math/commit/ca007d0ac640bd6f660bf97c0944d0d2421e67e4,ca007d0ac640bd6f660bf97c0944d0d2421e67e4,https://github.com/whzy3185/math/commit/ca007d0ac640bd6f660bf97c0944d0d2421e67e4,lean-lonely-runner-ci
2026-09-06T13:19:44Z,not separately dated,db682bd188debbad47bee8718a8fba5e443c89b9,Lonely Runner,One-dimensional second Fourier expansions for powers3/4/5/9/10,,Patch32 inspected; successful descendant build,,https://github.com/whzy3185/math/commit/db682bd188debbad47bee8718a8fba5e443c89b9,db682bd188debbad47bee8718a8fba5e443c89b9,https://github.com/whzy3185/math/commit/db682bd188debbad47bee8718a8fba5e443c89b9,lean-lonely-runner-ci
2026-09-06T13:20:22Z,not separately dated,29fa62f117eca8fce2f503581533de22dac7a95e,Lonely Runner,HEAD CI passes real lake build (8721 jobs) and hygiene gate,Supersedes embedded v0.3 not-yet-compiled caveat; does not close full theorem,Independently retrieved run34035796801 and full log,,https://github.com/whzy3185/math/commit/29fa62f117eca8fce2f503581533de22dac7a95e,29fa62f117eca8fce2f503581533de22dac7a95e,https://github.com/whzy3185/math/commit/29fa62f117eca8fce2f503581533de22dac7a95e,lean-lonely-runner-ci
2026-09-07T03:28:37Z,未单独核定,9240e6f0fbc9c78f8ca82258b4bf30c669881719,N=3s与all-s汇总,最终包汇总all-s连续构造与N=3s全signing阈值分类；两类对象分明,,历史研究包；后拆分两篇独立文章,research/generalization/circulant_1s/quadratic_gap_20260906/FINAL_THEOREM_PACKAGE_20260907.md,https://github.com/whzy3185/math/blob/9240e6f0fbc9c78f8ca82258b4bf30c669881719/research/generalization/circulant_1s/quadratic_gap_20260906/FINAL_THEOREM_PACKAGE_20260907.md,9240e6f0fbc9c78f8ca82258b4bf30c669881719,https://github.com/whzy3185/math/commit/9240e6f0fbc9c78f8ca82258b4bf30c669881719,paper/circulant-all-jump-rebuild-20260909;paper/circulant-finite-threshold-20260909;paper/circulant-periodic-gap-20260909;research/quadratic-gap-upgrade
2026-09-07T05:45:02Z,未单独核定,198ce32adc7b609ea8eaff9c3a67e55724f4d564,超出circulant的图乘积,新增Clifford Cartesian积signed邻接反对易、平方谱求和与flat极小值闭包,,存在已知特例重叠；未宣称hypercube等经典结果新颖,research/generalization/beyond_circulants_20260907/GENERAL_CLIFFORD_PRODUCT_THEOREM.md,https://github.com/whzy3185/math/blob/198ce32adc7b609ea8eaff9c3a67e55724f4d564/research/generalization/beyond_circulants_20260907/GENERAL_CLIFFORD_PRODUCT_THEOREM.md,198ce32adc7b609ea8eaff9c3a67e55724f4d564,https://github.com/whzy3185/math/commit/198ce32adc7b609ea8eaff9c3a67e55724f4d564,paper/circulant-all-jump-rebuild-20260909;paper/circulant-finite-threshold-20260909;paper/circulant-periodic-gap-20260909;research/quadratic-gap-upgrade
2026-09-07T07:43:33Z,2026-09-07,bc6653a6699d09720eac56d85797bd68d00121c1,General circulants / family correction,L13 exact threshold refutes earlier s=2L extrapolation: s=27 still sub-sqrt8 and failure starts 29,"Explicit one-defect family, not all-signing global classification",Correction source/diff inspected,research/generalization/circulant_1s/quadratic_gap_20260906/L13_ONE_DEFECT_THRESHOLD_AND_STAIRCASE.md,https://github.com/whzy3185/math/blob/085ea698475b7b32e0ae57457ec903a922248f69/research/generalization/circulant_1s/quadratic_gap_20260906/L13_ONE_DEFECT_THRESHOLD_AND_STAIRCASE.md,085ea698475b7b32e0ae57457ec903a922248f69,https://github.com/whzy3185/math/commit/bc6653a6699d09720eac56d85797bd68d00121c1,paper/circulant-finite-threshold-20260909
2026-09-07T07:43:33Z,未单独核定,bc6653a6699d09720eac56d85797bd68d00121c1,单缺陷阈值纠错,L13精确阈值推翻先前s=2L外推，转为rank4/2×2 Green准则与critical-ratio探索,,finite/observed与uniform theorem必须分列,research/generalization/circulant_1s/quadratic_gap_20260906/L13_ONE_DEFECT_THRESHOLD_AND_STAIRCASE.md,https://github.com/whzy3185/math/blob/bc6653a6699d09720eac56d85797bd68d00121c1/research/generalization/circulant_1s/quadratic_gap_20260906/L13_ONE_DEFECT_THRESHOLD_AND_STAIRCASE.md,bc6653a6699d09720eac56d85797bd68d00121c1,https://github.com/whzy3185/math/commit/bc6653a6699d09720eac56d85797bd68d00121c1,paper/circulant-all-jump-rebuild-20260909;paper/circulant-finite-threshold-20260909;paper/circulant-periodic-gap-20260909;research/quadratic-gap-upgrade
2026-09-08T03:31:11Z,2026-09-08,82c7863a8b385a10da630aa7b57d4f7a043160a5,Remark3 v1,Analytic product-gradient classification manuscript introduced,,Manuscript theorem statements and proof audit read,,https://github.com/whzy3185/math/commit/82c7863a8b385a10da630aa7b57d4f7a043160a5,82c7863a8b385a10da630aa7b57d4f7a043160a5,https://github.com/whzy3185/math/commit/82c7863a8b385a10da630aa7b57d4f7a043160a5,research/remark3-polynomial-exponential-20260908;research/remark3-explicit-classification-v2-20260908;research/remark3-leading-form-v3-20260908
2026-09-08T03:47:34Z,2026-09-08,d579b4f290881968c5b6011ae213b594645417f1,Remark3 v1,"13-page revision, finite classification verifier, 14 exact test groups",No Lean; novelty not certified,Repository build_record / verification_results; not rerun,,https://github.com/whzy3185/math/commit/d579b4f290881968c5b6011ae213b594645417f1,d579b4f290881968c5b6011ae213b594645417f1,https://github.com/whzy3185/math/commit/d579b4f290881968c5b6011ae213b594645417f1,research/remark3-polynomial-exponential-20260908;research/remark3-explicit-classification-v2-20260908;research/remark3-leading-form-v3-20260908
2026-09-08T04:15:23Z,2026-09-08,2abf15ee09808a32adefb7d4d817311b34984e06,Remark3 v2,Adds irreducible full-variable classification and exact M solution count,2D overlapping Chen–Han structure acknowledged,Manuscript + proof audit read,,https://github.com/whzy3185/math/commit/2abf15ee09808a32adefb7d4d817311b34984e06,2abf15ee09808a32adefb7d4d817311b34984e06,https://github.com/whzy3185/math/commit/2abf15ee09808a32adefb7d4d817311b34984e06,research/remark3-explicit-classification-v2-20260908;research/remark3-leading-form-v3-20260908
2026-09-08T04:21:49Z,2026-09-08,f0ecf1cfee9b10b4cfb78a2002112dbc2a51d692,Remark3 v2,"Adds93 checks, 12-page build, no-solution quadrics and finite-derivative primitives",Parent14 tests explicitly not rerun,Repository exact-test/build records; not rerun,,https://github.com/whzy3185/math/commit/f0ecf1cfee9b10b4cfb78a2002112dbc2a51d692,f0ecf1cfee9b10b4cfb78a2002112dbc2a51d692,https://github.com/whzy3185/math/commit/f0ecf1cfee9b10b4cfb78a2002112dbc2a51d692,research/remark3-explicit-classification-v2-20260908;research/remark3-leading-form-v3-20260908
2026-09-08T04:32:48Z,2026-09-08,57300701ce0259485e3e5e28e3fe991a70170bd5,Remark3 parallel bilingual,12-page English/10-page Chinese normal form plus monomial rigidity;31 recorded tests,Verifier/tests absent from branch; independent parallel line,Manuscript + audit + raw test log read,,https://github.com/whzy3185/math/commit/57300701ce0259485e3e5e28e3fe991a70170bd5,57300701ce0259485e3e5e28e3fe991a70170bd5,https://github.com/whzy3185/math/commit/57300701ce0259485e3e5e28e3fe991a70170bd5,research/remark3-product-pde-20260908
2026-09-08T04:48:52Z,2026-09-08,767a9582dac9d2cd56736f29902a574ffca0a622,Remark3 v3,"Original-coordinate criterion, degree/top-form obstructions and generic nonexistence",Requires irreducibility/full-direction support; derived from v2,Addendum and proof audit read,,https://github.com/whzy3185/math/commit/767a9582dac9d2cd56736f29902a574ffca0a622,767a9582dac9d2cd56736f29902a574ffca0a622,https://github.com/whzy3185/math/commit/767a9582dac9d2cd56736f29902a574ffca0a622,research/remark3-leading-form-v3-20260908
2026-09-08T04:49:34Z,2026-09-08,dea298a2dac28c23c35b399cb3c6064436158796,Remark3 v3,Literature scope updated from publisher abstract and Chen–Han statement,Full Xu–Ding theorem comparison still pending,Repository literature update read; no fresh external verification,,https://github.com/whzy3185/math/commit/dea298a2dac28c23c35b399cb3c6064436158796,dea298a2dac28c23c35b399cb3c6064436158796,https://github.com/whzy3185/math/commit/dea298a2dac28c23c35b399cb3c6064436158796,research/remark3-leading-form-v3-20260908
2026-09-08T04:50:54Z,2026-09-08,45a1841365362075bf28cc8991e834ad7075e6ba,Remark3 v3,18 additional exact checks recorded,,verification_v3.json inspected; not rerun,,https://github.com/whzy3185/math/commit/45a1841365362075bf28cc8991e834ad7075e6ba,45a1841365362075bf28cc8991e834ad7075e6ba,https://github.com/whzy3185/math/commit/45a1841365362075bf28cc8991e834ad7075e6ba,research/remark3-leading-form-v3-20260908
2026-09-08T04:51:05Z,2026-09-08,a981f618c368d957f076f8346ec79aefb8f1c6f0,Remark3 v3,Combined13-page build/render record,"Repository stores v2 plus addendum, not combined standalone v3 TeX/PDF",build_record_v3 / render_audit read,,https://github.com/whzy3185/math/commit/a981f618c368d957f076f8346ec79aefb8f1c6f0,a981f618c368d957f076f8346ec79aefb8f1c6f0,https://github.com/whzy3185/math/commit/a981f618c368d957f076f8346ec79aefb8f1c6f0,research/remark3-leading-form-v3-20260908
2026-09-08T12:12:13Z,not explicitly stated / not established,c3e4460929c38d10f0b3a0e878267142303c9675,Lonely Runner / navigation record,Main adds separate Lonely Runner JCTA writing history,Not a graph theorem change,Commit metadata only; separate topic,research/paper/LONELY_RUNNER_JCTA_WRITING_AND_REVISION_HISTORY.md,https://github.com/whzy3185/math/blob/c3e4460929c38d10f0b3a0e878267142303c9675/research/paper/LONELY_RUNNER_JCTA_WRITING_AND_REVISION_HISTORY.md,c3e4460929c38d10f0b3a0e878267142303c9675,https://github.com/whzy3185/math/commit/c3e4460929c38d10f0b3a0e878267142303c9675,main
2026-09-09T07:16:03Z,未单独核定,cca0ea95730ee0130d403d90d8a8aa2781fdf138,全仓文章重构,建立all-jump文章架构、全仓成熟度地图与可编译骨架,,评估和骨架不是证明与投稿完成,research/paper_rebuild/circulant_all_jump_20260909/REPOSITORY_RESEARCH_MAP.md,https://github.com/whzy3185/math/blob/cca0ea95730ee0130d403d90d8a8aa2781fdf138/research/paper_rebuild/circulant_all_jump_20260909/REPOSITORY_RESEARCH_MAP.md,cca0ea95730ee0130d403d90d8a8aa2781fdf138,https://github.com/whzy3185/math/commit/cca0ea95730ee0130d403d90d8a8aa2781fdf138,paper/circulant-all-jump-rebuild-20260909;paper/circulant-finite-threshold-20260909;paper/circulant-periodic-gap-20260909
2026-09-09T07:21:32Z,未单独核定,86d5ab5a912f9a81969354029500f3ee7fda757b,分拆两篇,将periodic-gap与finite-threshold分成两个研究对象,,后继9aa52b6d明确严格独立，不能互相当未发表黑箱,research/paper_rebuild/circulant_all_jump_20260909/ARTICLE_ARCHITECTURE.md,https://github.com/whzy3185/math/blob/86d5ab5a912f9a81969354029500f3ee7fda757b/research/paper_rebuild/circulant_all_jump_20260909/ARTICLE_ARCHITECTURE.md,86d5ab5a912f9a81969354029500f3ee7fda757b,https://github.com/whzy3185/math/commit/86d5ab5a912f9a81969354029500f3ee7fda757b,paper/circulant-periodic-gap-20260909
2026-09-09T07:25:01Z,not explicitly stated / not established,60ef5e8a372af952b3aa4b783685b10315e23d4d,Finite-global paper / split,Strict no-cross-citation split contract between periodic and finite-global papers,Git ancestry remains shared,Repository scope rule inspected in finite README,research/paper_rebuild/circulant_finite_threshold_20260909/README.md,https://github.com/whzy3185/math/blob/085ea698475b7b32e0ae57457ec903a922248f69/research/paper_rebuild/circulant_finite_threshold_20260909/README.md,085ea698475b7b32e0ae57457ec903a922248f69,https://github.com/whzy3185/math/commit/60ef5e8a372af952b3aa4b783685b10315e23d4d,paper/circulant-finite-threshold-20260909
2026-09-09T07:53:21Z,not explicitly stated / not established,fa4a1aecb96cc6ae2481089977b7e646022ed6af,Finite-global paper / rebuild,Initialize Finite spectral extrema in signed step circulants,Different extremal question from twisted-candidate truth set,Manuscript/research scaffold,research/paper_rebuild/circulant_finite_threshold_20260909/README.md,https://github.com/whzy3185/math/blob/085ea698475b7b32e0ae57457ec903a922248f69/research/paper_rebuild/circulant_finite_threshold_20260909/README.md,085ea698475b7b32e0ae57457ec903a922248f69,https://github.com/whzy3185/math/commit/fa4a1aecb96cc6ae2481089977b7e646022ed6af,paper/circulant-finite-threshold-20260909
2026-09-09T08:36:02Z,not explicitly stated / not established,23dcb2344c942e672706036eff7a459e8c4598e4,Finite-global / low end,"Parity-defect trichotomy and exact m(4s,s)²=4+2cos(pi/(2s))",,Source theorem,research/paper_rebuild/circulant_finite_threshold_20260909/PARITY_DEFECT_EXACT_K4.md,https://github.com/whzy3185/math/blob/085ea698475b7b32e0ae57457ec903a922248f69/research/paper_rebuild/circulant_finite_threshold_20260909/PARITY_DEFECT_EXACT_K4.md,085ea698475b7b32e0ae57457ec903a922248f69,https://github.com/whzy3185/math/commit/23dcb2344c942e672706036eff7a459e8c4598e4,paper/circulant-finite-threshold-20260909
2026-09-09T08:52:33Z,未单独核定,63912e14ac5ebc138ae0874c5a9a0d8cce81b792,2-adic压缩家族,一般反射手征双缺陷压缩，固定周期/odd multiplier/Robin谱隙路线,,限指定双缺陷家族，不是full flux class,research/paper_rebuild/circulant_all_jump_20260909/GENERAL_TWO_DEFECT_COMPRESSION_THEOREM.md,https://github.com/whzy3185/math/blob/63912e14ac5ebc138ae0874c5a9a0d8cce81b792/research/paper_rebuild/circulant_all_jump_20260909/GENERAL_TWO_DEFECT_COMPRESSION_THEOREM.md,63912e14ac5ebc138ae0874c5a9a0d8cce81b792,https://github.com/whzy3185/math/commit/63912e14ac5ebc138ae0874c5a9a0d8cce81b792,paper/circulant-periodic-gap-20260909
2026-09-09T08:56:08Z,2026-09-09,78e3ef8da0d1a4125327dc2f579961fb9ec7e3b7,研究方法v5,记录v5评估；91/B是重建预期分数，CLI和真实使用benchmark未运行,方法梳理不是数学结论或实际benchmark,文档与提交日期已核对,research/skill-eval/math-research-full-push/EVAL_V5.md,https://github.com/whzy3185/math/blob/78e3ef8da0d1a4125327dc2f579961fb9ec7e3b7/research/skill-eval/math-research-full-push/EVAL_V5.md,78e3ef8da0d1a4125327dc2f579961fb9ec7e3b7,https://github.com/whzy3185/math/commit/78e3ef8da0d1a4125327dc2f579961fb9ec7e3b7,codex/math-zyc-workflow-20260914;research/aml-production-consumption-stabilization;skill/math-research-full-push-20260909
2026-09-09T08:59:16Z,not explicitly stated / not established,8d0da21ce057505e53da17162ac4f8ba6c8430fd,Finite-global / sub-sqrt6,Repair and strengthen complete strict sub-sqrt6 proof using signed -2 classification reduction,External classification premise still needs independent theorem-use audit,Actual proof and diff inspected,research/paper_rebuild/circulant_finite_threshold_20260909/SUB_SQRT6_CLASSIFICATION.md,https://github.com/whzy3185/math/blob/085ea698475b7b32e0ae57457ec903a922248f69/research/paper_rebuild/circulant_finite_threshold_20260909/SUB_SQRT6_CLASSIFICATION.md,085ea698475b7b32e0ae57457ec903a922248f69,https://github.com/whzy3185/math/commit/8d0da21ce057505e53da17162ac4f8ba6c8430fd,paper/circulant-finite-threshold-20260909
2026-09-09T09:37:45Z,未单独核定,eadf1b17ef266be0fd84b65e217eb711970bf9fe,周期谱正式稿最后更新,manuscript_periodic_gap.tex改为compression主线,,核实该文件历史：Sep9后未更新，未整合Sep14–15 DDGG等,research/paper_rebuild/circulant_all_jump_20260909/manuscript_periodic_gap.tex,https://github.com/whzy3185/math/blob/eadf1b17ef266be0fd84b65e217eb711970bf9fe/research/paper_rebuild/circulant_all_jump_20260909/manuscript_periodic_gap.tex,eadf1b17ef266be0fd84b65e217eb711970bf9fe,https://github.com/whzy3185/math/commit/eadf1b17ef266be0fd84b65e217eb711970bf9fe,paper/circulant-periodic-gap-20260909
2026-09-09T10:07:40Z,not separately stated/verified; see commit date,2216af9f6e5b90b4a17024b22d2cf7fe8281071a,AML,Production-consumption stabilization campaign seeded,,Commit metadata and current research state read,,https://github.com/whzy3185/math/commit/2216af9f6e5b90b4a17024b22d2cf7fe8281071a,2216af9f6e5b90b4a17024b22d2cf7fe8281071a,https://github.com/whzy3185/math/commit/2216af9f6e5b90b4a17024b22d2cf7fe8281071a,research/aml-production-consumption-stabilization
2026-09-09T10:12:24Z,not separately stated/verified; see commit date,b72b9cf07c99fd78565f2bcf6fa10f1463015102,AML,Finite-p exponential-stabilization proof promoted,At this stage full-input L∞ formulation precedes later finite-Lp weakening,Commit metadata; older proof graph/ledger read,,https://github.com/whzy3185/math/commit/b72b9cf07c99fd78565f2bcf6fa10f1463015102,b72b9cf07c99fd78565f2bcf6fa10f1463015102,https://github.com/whzy3185/math/commit/b72b9cf07c99fd78565f2bcf6fa10f1463015102,research/aml-production-consumption-stabilization
2026-09-09T10:14:41Z,not separately stated/verified; see commit date,d34324e64b2159ef95830bf4982fcf312695e502,AML,General dissipative signal kinetics added,,Commit metadata and current theorem statement,,https://github.com/whzy3185/math/commit/d34324e64b2159ef95830bf4982fcf312695e502,d34324e64b2159ef95830bf4982fcf312695e502,https://github.com/whzy3185/math/commit/d34324e64b2159ef95830bf4982fcf312695e502,research/aml-production-consumption-stabilization
2026-09-09T10:28:56Z,not separately stated/verified; see commit date,5e443d7029f2c77c32b3d44a9d02219c58d8676c,AML,Explicit equilibrium root F(v*)=0 added,Retracts false implication from dissipativity at interval endpoint,Exact commit diff read,,https://github.com/whzy3185/math/commit/5e443d7029f2c77c32b3d44a9d02219c58d8676c,5e443d7029f2c77c32b3d44a9d02219c58d8676c,https://github.com/whzy3185/math/commit/5e443d7029f2c77c32b3d44a9d02219c58d8676c,research/aml-production-consumption-stabilization
2026-09-09T10:34:24Z,not separately stated/verified; see commit date,5a601aba7bf7d61034bbe07c3687b51a9d7e5e57,AML,Uniform exponential convergence via Neumann local boundedness,No novelty certificate,Commit metadata + proof graph/claim ledger,,https://github.com/whzy3185/math/commit/5a601aba7bf7d61034bbe07c3687b51a9d7e5e57,5a601aba7bf7d61034bbe07c3687b51a9d7e5e57,https://github.com/whzy3185/math/commit/5a601aba7bf7d61034bbe07c3687b51a9d7e5e57,research/aml-production-consumption-stabilization
2026-09-09T13:03:56Z,not separately stated/verified; see commit date,5148a4687ca68e3a348d0889bac86ce5a35736be,AML Lean,Early quadratic Lean provenance frozen,Do not treat early freeze as terminal branch state,Commit metadata only for historical freeze; later full run independently verified,,https://github.com/whzy3185/math/commit/5148a4687ca68e3a348d0889bac86ce5a35736be,5148a4687ca68e3a348d0889bac86ce5a35736be,https://github.com/whzy3185/math/commit/5148a4687ca68e3a348d0889bac86ce5a35736be,research/aml-production-consumption-stabilization
2026-09-09T13:04:41Z,not explicitly stated / not established,96bba9bc2a8feeccabcea93cd0e8bbc2ed8bb18b,Finite-global / sqrt6 boundary,"Complete equality pairs (12,4),(16,3),(16,5),(20,8)",,Source theorem,research/paper_rebuild/circulant_finite_threshold_20260909/SIX_BOUNDARY_TRIANGLE_3T.md,https://github.com/whzy3185/math/blob/085ea698475b7b32e0ae57457ec903a922248f69/research/paper_rebuild/circulant_finite_threshold_20260909/SIX_BOUNDARY_TRIANGLE_3T.md,085ea698475b7b32e0ae57457ec903a922248f69,https://github.com/whzy3185/math/commit/96bba9bc2a8feeccabcea93cd0e8bbc2ed8bb18b,paper/circulant-finite-threshold-20260909
2026-09-09T14:12:15Z,not explicitly stated / not established,bbe4d37269b4b08f734ee3c72aff2b6f0cf774c9,Finite-global / rigidity,"Equality minimizer switching counts 2,32,32,2",Order16 uses exhaustive 2^17 exact finite certificate,Actual proof scope inspected,research/paper_rebuild/circulant_finite_threshold_20260909/SIX_BOUNDARY_EQUALITY_RIGIDITY.md,https://github.com/whzy3185/math/blob/085ea698475b7b32e0ae57457ec903a922248f69/research/paper_rebuild/circulant_finite_threshold_20260909/SIX_BOUNDARY_EQUALITY_RIGIDITY.md,085ea698475b7b32e0ae57457ec903a922248f69,https://github.com/whzy3185/math/commit/bbe4d37269b4b08f734ee3c72aff2b6f0cf774c9,paper/circulant-finite-threshold-20260909
2026-09-09T14:25:29Z,not explicitly stated / not established,388da21e832db02039e8a7c35d78f69b37815d44,Finite-global / switching isomorphism,"sqrt6 boundary orbit counts 1,2,2,1",,Source theorem summary,research/paper_rebuild/circulant_finite_threshold_20260909/SIX_BOUNDARY_SWITCHING_ISOMORPHISM.md,https://github.com/whzy3185/math/blob/085ea698475b7b32e0ae57457ec903a922248f69/research/paper_rebuild/circulant_finite_threshold_20260909/SIX_BOUNDARY_SWITCHING_ISOMORPHISM.md,085ea698475b7b32e0ae57457ec903a922248f69,https://github.com/whzy3185/math/commit/388da21e832db02039e8a7c35d78f69b37815d44,paper/circulant-finite-threshold-20260909
2026-09-10T02:00:13Z,2026-09-10,bf761c72d33b7f3f615f1742439e7d0d33a79554,AML,Nonlinear q-coercivity and rate dichotomy; full theorem input weakens to eventual finite Lp,Initially only q=4 representative Lean extension; arbitrary-q then paper-only,Exact initial file commit diff read,,https://github.com/whzy3185/math/commit/bf761c72d33b7f3f615f1742439e7d0d33a79554,bf761c72d33b7f3f615f1742439e7d0d33a79554,https://github.com/whzy3185/math/commit/bf761c72d33b7f3f615f1742439e7d0d33a79554,research/aml-production-consumption-stabilization
2026-09-10T03:12:28Z,not separately stated/verified; see commit date,2c38cf1d51e7c169b4dd9bfd050eaea1b3d9983f,AML Lean,Arbitrary-real-q weighted-damping endpoint assembled,Analytic interfaces explicit,Current endpoint source read; later compiled in verified run290,,https://github.com/whzy3185/math/commit/2c38cf1d51e7c169b4dd9bfd050eaea1b3d9983f,2c38cf1d51e7c169b4dd9bfd050eaea1b3d9983f,https://github.com/whzy3185/math/commit/2c38cf1d51e7c169b4dd9bfd050eaea1b3d9983f,research/aml-production-consumption-stabilization
2026-09-10T03:13:32Z,not separately stated/verified; see commit date,1bdb42aa772aac7b0ffb5d2a9cd1dce76a3badf3,AML Lean,Zero-energy branch formalization added,,Commit metadata; later verified CI coverage/status,,https://github.com/whzy3185/math/commit/1bdb42aa772aac7b0ffb5d2a9cd1dce76a3badf3,1bdb42aa772aac7b0ffb5d2a9cd1dce76a3badf3,https://github.com/whzy3185/math/commit/1bdb42aa772aac7b0ffb5d2a9cd1dce76a3badf3,research/aml-production-consumption-stabilization
2026-09-10T03:17:45Z,not explicitly stated / not established,cc7a9677a39f5f780b96e2c3f33809632320e228,Finite-global / seam proof repair,Replace seam-distance argument with 1-Lipschitz row projection to odd cycle,,Correction diff inspected,research/paper_rebuild/circulant_finite_threshold_20260909/ODD_RESONANCE_FINITE_ABSORBER_PRINCIPLE.md,https://github.com/whzy3185/math/blob/085ea698475b7b32e0ae57457ec903a922248f69/research/paper_rebuild/circulant_finite_threshold_20260909/ODD_RESONANCE_FINITE_ABSORBER_PRINCIPLE.md,085ea698475b7b32e0ae57457ec903a922248f69,https://github.com/whzy3185/math/commit/cc7a9677a39f5f780b96e2c3f33809632320e228,paper/circulant-finite-threshold-20260909
2026-09-10T04:58:34Z,not explicitly stated / not established,02494f4ef5592bf1a809a1bbe703cd089f2f56de,Finite-global / N3s,Strengthen odd s≥7 N=3s obstruction to squared radius≥8+24/1667,,Source theorem,research/paper_rebuild/circulant_finite_threshold_20260909/N3S_MARGIN_UPGRADE_24_1667.md,https://github.com/whzy3185/math/blob/085ea698475b7b32e0ae57457ec903a922248f69/research/paper_rebuild/circulant_finite_threshold_20260909/N3S_MARGIN_UPGRADE_24_1667.md,085ea698475b7b32e0ae57457ec903a922248f69,https://github.com/whzy3185/math/commit/02494f4ef5592bf1a809a1bbe703cd089f2f56de,paper/circulant-finite-threshold-20260909
2026-09-10T05:09:38Z,not separately stated/verified; see commit date,d10dd906d7f65054ed216a1aa09107e694cd5d75,AML Lean,Local/nonnegative arbitrary-q Bihari decay added,Closes positive-energy-only boundary,Commit metadata; later verified CI coverage/status,,https://github.com/whzy3185/math/commit/d10dd906d7f65054ed216a1aa09107e694cd5d75,d10dd906d7f65054ed216a1aa09107e694cd5d75,https://github.com/whzy3185/math/commit/d10dd906d7f65054ed216a1aa09107e694cd5d75,research/aml-production-consumption-stabilization
2026-09-10T06:23:28Z,not separately stated/verified; see commit date,825f61e988b144e7b9446a058490b13dd6693c95,AML Lean,Manuscript-facing theta-degenerate endpoint,,Commit metadata; later verified CI coverage/status,,https://github.com/whzy3185/math/commit/825f61e988b144e7b9446a058490b13dd6693c95,825f61e988b144e7b9446a058490b13dd6693c95,https://github.com/whzy3185/math/commit/825f61e988b144e7b9446a058490b13dd6693c95,research/aml-production-consumption-stabilization
2026-09-10T06:38:51Z,not separately stated/verified; see commit date,f56ecdbeeef38bf8555ecb81dd78150531423bd8,AML Lean,Signed sharpness absolute-value proof completed,PDE uniqueness/invariance remains external,Commit metadata; later verified CI coverage/status,,https://github.com/whzy3185/math/commit/f56ecdbeeef38bf8555ecb81dd78150531423bd8,f56ecdbeeef38bf8555ecb81dd78150531423bd8,https://github.com/whzy3185/math/commit/f56ecdbeeef38bf8555ecb81dd78150531423bd8,research/aml-production-consumption-stabilization
2026-09-10T07:16:33Z,not separately stated/verified; see commit date,ec748533fb1b1cef9c4fefa1a30cd9e4206a0efd,AML Lean,Box Neumann flux verification recorded,"Geometric scope boxes, not all smooth domains",Commit metadata and current status; run290 later checked,,https://github.com/whzy3185/math/commit/ec748533fb1b1cef9c4fefa1a30cd9e4206a0efd,ec748533fb1b1cef9c4fefa1a30cd9e4206a0efd,https://github.com/whzy3185/math/commit/ec748533fb1b1cef9c4fefa1a30cd9e4206a0efd,research/aml-production-consumption-stabilization
2026-09-10T10:48:51Z,not explicitly stated / not established,bfad5b29130a997417f73173b4a8cc691fb863df,Finite-global / N5s,"Complete all-signing threshold m(5s,s)<sqrt8 iff s even or odd≤13",Negative side uses exact local rigidity and four cyclic bases,Actual proof inspected; certificates not rerun,research/paper_rebuild/circulant_finite_threshold_20260909/N5S_COMPLETE_THRESHOLD_CLASSIFICATION.md,https://github.com/whzy3185/math/blob/085ea698475b7b32e0ae57457ec903a922248f69/research/paper_rebuild/circulant_finite_threshold_20260909/N5S_COMPLETE_THRESHOLD_CLASSIFICATION.md,085ea698475b7b32e0ae57457ec903a922248f69,https://github.com/whzy3185/math/commit/bfad5b29130a997417f73173b4a8cc691fb863df,paper/circulant-finite-threshold-20260909
2026-09-10T10:52:27Z,not explicitly stated / not established,a4c0d74414aa2459c588e72ee159caa52d93d83e,Finite-global / vertical s15,Former k=5 unresolved base closed by N5s theorem,,Commit milestone + current source theorem,research/paper_rebuild/circulant_finite_threshold_20260909/ODD_RESONANCE_STEP15_NEAR_CLASSIFICATION.md,https://github.com/whzy3185/math/blob/085ea698475b7b32e0ae57457ec903a922248f69/research/paper_rebuild/circulant_finite_threshold_20260909/ODD_RESONANCE_STEP15_NEAR_CLASSIFICATION.md,085ea698475b7b32e0ae57457ec903a922248f69,https://github.com/whzy3185/math/commit/a4c0d74414aa2459c588e72ee159caa52d93d83e,paper/circulant-finite-threshold-20260909
2026-09-10T10:52:58Z,not explicitly stated / not established,b84124bac309e7ec6fb41277c0c9174581ac6c72,Finite-global / vertical s17,Former k=5 unresolved base closed by N5s theorem,,Commit milestone + current source theorem,research/paper_rebuild/circulant_finite_threshold_20260909/ODD_RESONANCE_STEP17_NEAR_CLASSIFICATION.md,https://github.com/whzy3185/math/blob/085ea698475b7b32e0ae57457ec903a922248f69/research/paper_rebuild/circulant_finite_threshold_20260909/ODD_RESONANCE_STEP17_NEAR_CLASSIFICATION.md,085ea698475b7b32e0ae57457ec903a922248f69,https://github.com/whzy3185/math/commit/b84124bac309e7ec6fb41277c0c9174581ac6c72,paper/circulant-finite-threshold-20260909
2026-09-11T03:28:09Z,not separately stated/verified; see commit date,f9ff5cc72d2710274b3525f8f0965bcd345597ef,AML Lean,Full rectangular-box Poincare theorem assembled,,Commit metadata and run290 module build log,,https://github.com/whzy3185/math/commit/f9ff5cc72d2710274b3525f8f0965bcd345597ef,f9ff5cc72d2710274b3525f8f0965bcd345597ef,https://github.com/whzy3185/math/commit/f9ff5cc72d2710274b3525f8f0965bcd345597ef,research/aml-production-consumption-stabilization
2026-09-11T04:11:30Z,not separately stated/verified; see commit date,1f7c82e8d3deb93e726f253820b5830476ebf195,AML Lean,Global box Neumann maximum principle assembled,Boundary/edge/corner geometry remains box-specific,Commit metadata and run290 module build log,,https://github.com/whzy3185/math/commit/1f7c82e8d3deb93e726f253820b5830476ebf195,1f7c82e8d3deb93e726f253820b5830476ebf195,https://github.com/whzy3185/math/commit/1f7c82e8d3deb93e726f253820b5830476ebf195,research/aml-production-consumption-stabilization
2026-09-11T05:35:05Z,not separately stated/verified; see commit date,10690d3f6e3d8b9626b1d9332904708758de73d0,AML Lean,Box cell PDE energy inequality derived,,Commit metadata and run290 module build log,,https://github.com/whzy3185/math/commit/10690d3f6e3d8b9626b1d9332904708758de73d0,10690d3f6e3d8b9626b1d9332904708758de73d0,https://github.com/whzy3185/math/commit/10690d3f6e3d8b9626b1d9332904708758de73d0,research/aml-production-consumption-stabilization
2026-09-11T09:49:25Z,not separately stated/verified; see commit date,8af07749fe733276054660a732bceaed8a86da4c,AML Lean,Full box motility stabilization root; successful8800-job CI,Actual93 imports; status document later says92,Independently retrieved run34586143612 plus full log,,https://github.com/whzy3185/math/commit/8af07749fe733276054660a732bceaed8a86da4c,8af07749fe733276054660a732bceaed8a86da4c,https://github.com/whzy3185/math/commit/8af07749fe733276054660a732bceaed8a86da4c,research/aml-production-consumption-stabilization
2026-09-11T09:56:15Z,2026-09-11,7475afd6da2274f6843c004951babe380cd11417,AML Lean,Status document updated to run290,"Status bound to older exact good commit, not later HEAD",Current status document and compare diff inspected,,https://github.com/whzy3185/math/commit/7475afd6da2274f6843c004951babe380cd11417,7475afd6da2274f6843c004951babe380cd11417,https://github.com/whzy3185/math/commit/7475afd6da2274f6843c004951babe380cd11417,research/aml-production-consumption-stabilization
2026-09-11T09:59:57Z,not separately stated/verified; see commit date,2991a023abe0525a74e3960624e203524aca8a16,AML Lean,Gradient component-sup to L2 box bridge introduced,Subsequent import exposes compilation regression,Exact compare diff read,,https://github.com/whzy3185/math/commit/2991a023abe0525a74e3960624e203524aca8a16,2991a023abe0525a74e3960624e203524aca8a16,https://github.com/whzy3185/math/commit/2991a023abe0525a74e3960624e203524aca8a16,research/aml-production-consumption-stabilization
2026-09-11T10:00:15Z,not separately stated/verified; see commit date,d46fa39226f282dc86187afc507d846556d7ff23,AML Lean,New gradient bridge imported; run292 fails,Line47 hs/aesop failure; line80 Real.sqrt_le_sqrt.mpr unknown; persists at HEAD,Independently retrieved run34587030868 and full log,,https://github.com/whzy3185/math/commit/d46fa39226f282dc86187afc507d846556d7ff23,d46fa39226f282dc86187afc507d846556d7ff23,https://github.com/whzy3185/math/commit/d46fa39226f282dc86187afc507d846556d7ff23,research/aml-production-consumption-stabilization
2026-09-11T11:56:15Z,not separately stated/verified; see commit date,e58607b15f2757093c232d0c476dda63fc0dbe36,AML paper,Strengthened AML manuscript created,,Commit metadata + current manuscript inspected,,https://github.com/whzy3185/math/commit/e58607b15f2757093c232d0c476dda63fc0dbe36,e58607b15f2757093c232d0c476dda63fc0dbe36,https://github.com/whzy3185/math/commit/e58607b15f2757093c232d0c476dda63fc0dbe36,research/aml-production-consumption-stabilization
2026-09-11T12:50:34Z,not separately stated/verified; see commit date,59ec0aeb652083a007e51a98d34975fde77ff05b,AML paper,Title updated; rate-sensitive proof details and n=1 endpoint expanded,Separates Choi n≥2 applicability from n=1 argument,Exact diff read,,https://github.com/whzy3185/math/commit/59ec0aeb652083a007e51a98d34975fde77ff05b,59ec0aeb652083a007e51a98d34975fde77ff05b,https://github.com/whzy3185/math/commit/59ec0aeb652083a007e51a98d34975fde77ff05b,research/aml-production-consumption-stabilization
2026-09-11T13:38:36Z,not separately stated/verified; see commit date,0a79f3f6428e2a5c6402e282e0e9c21cad92758f,AML paper,Compressed into journal-format letter,Compression is layout; not external acceptance,Commit metadata + later submission build note,,https://github.com/whzy3185/math/commit/0a79f3f6428e2a5c6402e282e0e9c21cad92758f,0a79f3f6428e2a5c6402e282e0e9c21cad92758f,https://github.com/whzy3185/math/commit/0a79f3f6428e2a5c6402e282e0e9c21cad92758f,research/aml-production-consumption-stabilization
2026-09-11T14:10:24Z,not separately stated/verified; see commit date,0f3e0ae0c7c35d39049035d566642c4b1dc005e1,AML paper,"Referee-style hardening: prior art, elementary coercivity positioning, boundary lemma",Pure-consumption stabilization no longer presented as new; sharpness only signal,Internal response ledger + current manuscript,,https://github.com/whzy3185/math/commit/0f3e0ae0c7c35d39049035d566642c4b1dc005e1,0f3e0ae0c7c35d39049035d566642c4b1dc005e1,https://github.com/whzy3185/math/commit/0f3e0ae0c7c35d39049035d566642c4b1dc005e1,research/aml-production-consumption-stabilization
2026-09-11T14:21:45Z,not separately stated/verified; see commit date,ba71e655172610337c04a5caca69cd4827676dc5,AML paper,"Weak energy solution class, finite n=1 exponents and mixed norm clarified",No external journal review implied,Internal response ledger + current manuscript,,https://github.com/whzy3185/math/commit/ba71e655172610337c04a5caca69cd4827676dc5,ba71e655172610337c04a5caca69cd4827676dc5,https://github.com/whzy3185/math/commit/ba71e655172610337c04a5caca69cd4827676dc5,research/aml-production-consumption-stabilization
2026-09-11T14:32:44Z,not separately stated/verified; see commit date,fa8608b8087d7671173efe77d067ab2cc3bcf6bc,AML paper,"Local-upgrade exponent p>max(n,2) tightened",Also introduces missing equation close and source typos; repaired in943c6698,Exact diff read,,https://github.com/whzy3185/math/commit/fa8608b8087d7671173efe77d067ab2cc3bcf6bc,fa8608b8087d7671173efe77d067ab2cc3bcf6bc,https://github.com/whzy3185/math/commit/fa8608b8087d7671173efe77d067ab2cc3bcf6bc,research/aml-production-consumption-stabilization
2026-09-11T14:48:40Z,not separately stated/verified; see commit date,943c6698c7a0ca8c6c70c164d3c0baac0c633eef,AML paper,"Regularity/L2 hypotheses explicit, n=1 De Giorgi recurrence expanded, singular-motility comparison narrowed",Repairs fa8608b8 source corruption; no full-rate sharpness claim,Exact diff read,,https://github.com/whzy3185/math/commit/943c6698c7a0ca8c6c70c164d3c0baac0c633eef,943c6698c7a0ca8c6c70c164d3c0baac0c633eef,https://github.com/whzy3185/math/commit/943c6698c7a0ca8c6c70c164d3c0baac0c633eef,research/aml-production-consumption-stabilization
2026-09-11T15:21:18Z,not separately stated/verified; see commit date,2072f170b337dfdfba05b61395dc64054e8dd36f,AML submission,Author metadata and declarations inserted,Not evidence of journal submission,Commit metadata + latest manuscript/checklist,,https://github.com/whzy3185/math/commit/2072f170b337dfdfba05b61395dc64054e8dd36f,2072f170b337dfdfba05b61395dc64054e8dd36f,https://github.com/whzy3185/math/commit/2072f170b337dfdfba05b61395dc64054e8dd36f,research/aml-production-consumption-stabilization
2026-09-11T15:22:17Z,not separately stated/verified; see commit date,534c247d397ae4d522473f733c546e1b3ed28fe8,AML submission,"Latest checklist:4-page local build, proof freeze, remaining portal decisions",Corresponding author/CRediT/declaration portal decisions pending,Checklist read; local compile not rerun,,https://github.com/whzy3185/math/commit/534c247d397ae4d522473f733c546e1b3ed28fe8,534c247d397ae4d522473f733c546e1b3ed28fe8,https://github.com/whzy3185/math/commit/534c247d397ae4d522473f733c546e1b3ed28fe8,research/aml-production-consumption-stabilization
2026-09-14T09:35:21Z,not explicitly stated / not established,253ddbed104726ca2f82d3f0cc0efe60d56b7d02,Finite-global / N7s,Uniform width-seven even-gap obstruction,Does not settle all N7s signings,Source theorem file present; not independently rederived,research/paper_rebuild/circulant_finite_threshold_20260909/N7S_WIDTH7_UNIFORM_EVEN_GAP.md,https://github.com/whzy3185/math/blob/085ea698475b7b32e0ae57457ec903a922248f69/research/paper_rebuild/circulant_finite_threshold_20260909/N7S_WIDTH7_UNIFORM_EVEN_GAP.md,085ea698475b7b32e0ae57457ec903a922248f69,https://github.com/whzy3185/math/commit/253ddbed104726ca2f82d3f0cc0efe60d56b7d02,paper/circulant-finite-threshold-20260909
2026-09-14T09:51:55Z,not explicitly stated / not established,98db3e6707521195f8a2ab4d2a5b8189448257f0,Finite-global / N7s,Exact positive bases extend N7s through every odd s≤29,Uniform four-flip all-odd extension remains observed; no full N7s theorem,Actual finite signing/certificate note inspected,research/paper_rebuild/circulant_finite_threshold_20260909/N7S_POSITIVE_BASES_19_23.md,https://github.com/whzy3185/math/blob/085ea698475b7b32e0ae57457ec903a922248f69/research/paper_rebuild/circulant_finite_threshold_20260909/N7S_POSITIVE_BASES_19_23.md,085ea698475b7b32e0ae57457ec903a922248f69,https://github.com/whzy3185/math/commit/98db3e6707521195f8a2ab4d2a5b8189448257f0,paper/circulant-finite-threshold-20260909
2026-09-14T09:52:07Z,not explicitly stated / not established,085ea698475b7b32e0ae57457ec903a922248f69,Finite-global / verifier,Verifier extended through N7s step29,,Source verifier present; not run,research/paper_rebuild/circulant_finite_threshold_20260909/verify_n7s_positive_bases_19_23.py,https://github.com/whzy3185/math/blob/085ea698475b7b32e0ae57457ec903a922248f69/research/paper_rebuild/circulant_finite_threshold_20260909/verify_n7s_positive_bases_19_23.py,085ea698475b7b32e0ae57457ec903a922248f69,https://github.com/whzy3185/math/commit/085ea698475b7b32e0ae57457ec903a922248f69,paper/circulant-finite-threshold-20260909
2026-09-14T10:59:59Z,未单独核定,7073fd8d7d18afff87d5f5390b67f8d3b149c82d,反周期锁定纠错,任意odd multiplier物理z=−1精确锁定被撤回；正确首项是hard-channel seam tunneling，尺度U_N^−1 m^−3,,最新ledger明确撤回精确locking和中间过强(3+2√2)^−2N尺度,research/paper_rebuild/circulant_all_jump_20260909/ANTIPERIODIC_SEAM_TUNNELING_ASYMPTOTIC.md,https://github.com/whzy3185/math/blob/7073fd8d7d18afff87d5f5390b67f8d3b149c82d/research/paper_rebuild/circulant_all_jump_20260909/ANTIPERIODIC_SEAM_TUNNELING_ASYMPTOTIC.md,7073fd8d7d18afff87d5f5390b67f8d3b149c82d,https://github.com/whzy3185/math/commit/7073fd8d7d18afff87d5f5390b67f8d3b149c82d,paper/circulant-periodic-gap-20260909
2026-09-14T11:33:55Z,未单独核定,184e2663697c21c6b0f5dd00accf6968522ce6c1,固定周期双缺陷分类汇总,记录p=8r平衡quarter-period最优；p=8r+4方向切换且r≥9尾部已有效化,,COMPLETE比FINAL ledger更新；只在reflection-chiral two-defect类,research/paper_rebuild/circulant_all_jump_20260909/THEOREM_LEDGER_20260914_COMPLETE.md,https://github.com/whzy3185/math/blob/184e2663697c21c6b0f5dd00accf6968522ce6c1/research/paper_rebuild/circulant_all_jump_20260909/THEOREM_LEDGER_20260914_COMPLETE.md,184e2663697c21c6b0f5dd00accf6968522ce6c1,https://github.com/whzy3185/math/commit/184e2663697c21c6b0f5dd00accf6968522ce6c1,paper/circulant-periodic-gap-20260909
2026-09-14T13:28:45Z,未单独核定,d217a2f2e81cd91a2f466fd43ac004fc0832a803,双缺陷全类最优猜想失效,"p20的四缺陷{0,2,4,6}全相位边<31/4，而全双缺陷家族>31/4",,按正文有限解析/精确证书；不能继续默认双缺陷为全类最优,research/paper_rebuild/circulant_all_jump_20260909/PERIOD20_FOUR_DEFECT_BEATS_TWO_DEFECT_THEOREM.md,https://github.com/whzy3185/math/blob/d217a2f2e81cd91a2f466fd43ac004fc0832a803/research/paper_rebuild/circulant_all_jump_20260909/PERIOD20_FOUR_DEFECT_BEATS_TWO_DEFECT_THEOREM.md,d217a2f2e81cd91a2f466fd43ac004fc0832a803,https://github.com/whzy3185/math/commit/d217a2f2e81cd91a2f466fd43ac004fc0832a803,paper/circulant-periodic-gap-20260909
2026-09-15T08:08:54Z,2026-09-14,a1e0d3bfcb68b98aacb1ce3c750201076393a4f9,数学zyc工作流,保存工作流与接管架构；文档日期9月14日，Git提交9月15日；没有新增数学定理,方法梳理不是数学结论或实际benchmark,文档与提交日期已核对,research/workflows/math_zyc/HANDOFF.md,https://github.com/whzy3185/math/blob/a1e0d3bfcb68b98aacb1ce3c750201076393a4f9/research/workflows/math_zyc/HANDOFF.md,a1e0d3bfcb68b98aacb1ce3c750201076393a4f9,https://github.com/whzy3185/math/commit/a1e0d3bfcb68b98aacb1ce3c750201076393a4f9,codex/math-zyc-workflow-20260914
2026-09-15T13:38:01Z,未单独核定,2fcb76a76bac4609f6f5d6a1450632d103f76ba9,无穷DDGG家族,"p=8r+4,r≥2的G(DDGG)^rG全相位边<31/4，击败双缺陷家族",,仓库Proved标签；本轮完整读证明未重跑,research/paper_rebuild/circulant_all_jump_20260909/INFINITE_DDGG_FAMILY_P8R4_THEOREM.md,https://github.com/whzy3185/math/blob/2fcb76a76bac4609f6f5d6a1450632d103f76ba9/research/paper_rebuild/circulant_all_jump_20260909/INFINITE_DDGG_FAMILY_P8R4_THEOREM.md,2fcb76a76bac4609f6f5d6a1450632d103f76ba9,https://github.com/whzy3185/math/commit/2fcb76a76bac4609f6f5d6a1450632d103f76ba9,paper/circulant-periodic-gap-20260909
2026-09-15T13:49:14Z,未单独核定,2b286fc96bb7d5f134a57aa4859bf5a575774e2e,代数dislocation极限,DDGG单dislocation边趋向degree18代数常数7.700740906…，附消元/稳定支选择,,完整读文；本轮未独立重做多项式消元与Sturm,research/paper_rebuild/circulant_all_jump_20260909/DDGG_DISLOCATION_ALGEBRAIC_LIMIT.md,https://github.com/whzy3185/math/blob/2b286fc96bb7d5f134a57aa4859bf5a575774e2e/research/paper_rebuild/circulant_all_jump_20260909/DDGG_DISLOCATION_ALGEBRAIC_LIMIT.md,2b286fc96bb7d5f134a57aa4859bf5a575774e2e,https://github.com/whzy3185/math/commit/2b286fc96bb7d5f134a57aa4859bf5a575774e2e,paper/circulant-periodic-gap-20260909
2026-09-15T13:51:20Z,未单独核定,258fb5031cc277eb6efff103d38f40eec0f4be16,互补8r族,中心双dislocation周期8r族记录趋向同一代数边；<31/4仅eventual加若干有限认证,,全r≥3有效界尚未给出；§5局部decoupling到global需要独立审计,research/paper_rebuild/circulant_all_jump_20260909/CENTERED_DOUBLE_DISLOCATION_P8R_LIMIT.md,https://github.com/whzy3185/math/blob/258fb5031cc277eb6efff103d38f40eec0f4be16/research/paper_rebuild/circulant_all_jump_20260909/CENTERED_DOUBLE_DISLOCATION_P8R_LIMIT.md,258fb5031cc277eb6efff103d38f40eec0f4be16,https://github.com/whzy3185/math/commit/258fb5031cc277eb6efff103d38f40eec0f4be16,paper/circulant-periodic-gap-20260909
2026-09-15T13:59:45Z,未单独核定,739bb6a4913a68edef6f53e0078747da364059a7,正密度谱隙,d(p)=2 floor((p−4)/8)，d/p→1/4，显式阶梯族lim边≈7.700740906<8,,不是全类最终最优性；本轮不认可Proved标签为独立认证,research/paper_rebuild/circulant_all_jump_20260909/MULTIDEFECT_STAIRCASE_UNIFORM_GAP_THEOREM.md,https://github.com/whzy3185/math/blob/739bb6a4913a68edef6f53e0078747da364059a7/research/paper_rebuild/circulant_all_jump_20260909/MULTIDEFECT_STAIRCASE_UNIFORM_GAP_THEOREM.md,739bb6a4913a68edef6f53e0078747da364059a7,https://github.com/whzy3185/math/commit/739bb6a4913a68edef6f53e0078747da364059a7,paper/circulant-periodic-gap-20260909
2026-09-15T14:01:25Z,未单独核定,c33959cda2a899714b6d243e8dadf29139860c54,p20全类唯一性,524288合法flux字→13648二面体orbit→160moment候选；四缺陷目标唯一最优,,仓库明确Verified exact finite，不能外推一般period,research/paper_rebuild/circulant_all_jump_20260909/PERIOD20_FULL_CLASS_EXACT_CLASSIFICATION.md,https://github.com/whzy3185/math/blob/c33959cda2a899714b6d243e8dadf29139860c54/research/paper_rebuild/circulant_all_jump_20260909/PERIOD20_FULL_CLASS_EXACT_CLASSIFICATION.md,c33959cda2a899714b6d243e8dadf29139860c54,https://github.com/whzy3185/math/commit/c33959cda2a899714b6d243e8dadf29139860c54,paper/circulant-periodic-gap-20260909
2026-09-15T14:02:59Z,未单独核定,ef65a3da6077c13927db5552a3196906d5ac2a6a,稀疏缺陷障碍,半周期jump完整flux类下8−R≤16π²(d/p)²，d=o(p)仅推出liminf R≥8,,原文末尾sparse⇒R→8超出已显示liminf结论；加R≤8前提才可直接夹逼,research/paper_rebuild/circulant_all_jump_20260909/POSITIVE_DEFECT_DENSITY_NECESSITY.md,https://github.com/whzy3185/math/blob/ef65a3da6077c13927db5552a3196906d5ac2a6a/research/paper_rebuild/circulant_all_jump_20260909/POSITIVE_DEFECT_DENSITY_NECESSITY.md,ef65a3da6077c13927db5552a3196906d5ac2a6a,https://github.com/whzy3185/math/commit/ef65a3da6077c13927db5552a3196906d5ac2a6a,paper/circulant-periodic-gap-20260909
