period,separation,normalized_separation,q_bits,primitive_q_period,primitive_tau_period,repeated_target,R_squared_estimate,gap_from_eta,gap_from_8,certificate_status,first_positive_moment
8,1,0.125,11000000,8,8,False,9.906317075994702,2.102091010814087,1.9063170759947017,CERTIFIED_R_GT_ETA,4
8,2,0.25,10100000,8,8,False,8.741808532178895,0.9375824669982809,0.7418085321788954,CERTIFIED_R_GT_ETA,6
8,3,0.375,10010000,8,8,False,8.67888773155076,0.8746616663701463,0.6788877315507609,CERTIFIED_R_GT_ETA,
8,4,0.5,10001000,4,8,True,7.804226065180642,2.7533531010703882e-14,-0.1957739348193579,CERTIFIED_R_EQ_ETA,
10,1,0.1,1100000000,10,10,False,9.784510343045053,1.9802842778644383,1.7845103430450528,CERTIFIED_R_GT_ETA,4
10,2,0.2,1010000000,10,10,False,8.531128874149289,0.7269028089686742,0.5311288741492888,CERTIFIED_R_GT_ETA,7
10,3,0.3,1001000000,10,10,False,8.381641738566058,0.5774156733854436,0.3816417385660582,CERTIFIED_R_GT_ETA,
10,4,0.4,1000100000,10,10,False,7.91638155174498,0.11215548656436525,-0.08361844825502018,CERTIFIED_R_GT_ETA,
10,5,0.5,1000010000,5,5,False,9.00000000000001,1.195773934819396,1.0000000000000107,CERTIFIED_R_GT_ETA,8
12,1,0.08333333333333333,110000000000,12,12,False,9.645393828136363,1.8411677629557488,1.6453938281363634,CERTIFIED_R_GT_ETA,4
12,2,0.16666666666666666,101000000000,12,12,False,8.52531259211366,0.7210865269330462,0.5253125921136608,CERTIFIED_R_GT_ETA,7
12,3,0.25,100100000000,12,12,False,8.420421632426882,0.6161955672462671,0.4204216324268817,CERTIFIED_R_GT_ETA,
12,4,0.3333333333333333,100010000000,12,12,False,7.935544897091367,0.1313188319107521,-0.06445510290863332,CERTIFIED_R_GT_ETA,
12,5,0.4166666666666667,100001000000,12,12,False,8.742437468479546,0.938211403298931,0.7424374684795456,CERTIFIED_R_GT_ETA,
12,6,0.5,100000100000,6,12,False,8.249140538129556,0.44491447294894115,0.24914053812955572,CERTIFIED_R_GT_ETA,
14,1,0.07142857142857142,11000000000000,14,14,False,9.584034086997924,1.7798080218173098,1.5840340869979244,CERTIFIED_R_GT_ETA,4
14,2,0.14285714285714285,10100000000000,14,14,False,8.470548847226684,0.6663227820460698,0.47054884722668433,CERTIFIED_R_GT_ETA,8
14,3,0.21428571428571427,10010000000000,14,14,False,8.35973160089757,0.5555055357169554,0.35973160089756995,CERTIFIED_R_GT_ETA,
14,4,0.2857142857142857,10001000000000,14,14,False,7.963470219460301,0.15924415427968608,-0.03652978053969935,CERTIFIED_R_GT_ETA,
14,5,0.35714285714285715,10000100000000,14,14,False,8.725422091603201,0.9211960264225869,0.7254220916032015,CERTIFIED_R_GT_ETA,
14,6,0.42857142857142855,10000010000000,14,14,False,8.167797177672629,0.36357111249201424,0.1677971776726288,CERTIFIED_R_GT_ETA,
14,7,0.5,10000001000000,7,7,False,8.528253177607919,0.7240271124273043,0.5282531776079189,CERTIFIED_R_GT_ETA,
16,1,0.0625,1100000000000000,16,16,False,9.53817459913893,1.7339485339583156,1.5381745991389302,CERTIFIED_R_GT_ETA,5
16,2,0.125,1010000000000000,16,16,False,8.447555673441935,0.64332960826132,0.4475556734419346,CERTIFIED_R_GT_ETA,8
16,3,0.1875,1001000000000000,16,16,False,8.345210292646234,0.5409842274656196,0.34521029264623415,CERTIFIED_R_GT_ETA,
16,4,0.25,1000100000000000,16,16,False,7.995510103071575,0.19128403789096016,-0.004489896928425274,CERTIFIED_R_GT_ETA,
16,5,0.3125,1000010000000000,16,16,False,8.657265887369583,0.8530398221889683,0.6572658873695829,CERTIFIED_R_GT_ETA,
16,6,0.375,1000001000000000,16,16,False,8.204013597186833,0.3997875320062185,0.2040135971868331,CERTIFIED_R_GT_ETA,
16,7,0.4375,1000000100000000,16,16,False,8.53066128789585,0.7264352227152351,0.5306612878958497,CERTIFIED_R_GT_ETA,
16,8,0.5,1000000010000000,8,16,False,8.12118703896113,0.3169609737805157,0.12118703896113026,CERTIFIED_R_GT_ETA,
18,1,0.05555555555555555,110000000000000000,18,18,False,9.512917648882626,1.7086915837020111,1.5129176488826257,CERTIFIED_R_GT_ETA,5
18,2,0.1111111111111111,101000000000000000,18,18,False,8.42337405130998,0.6191479861293647,0.4233740513099793,CERTIFIED_R_GT_ETA,
18,3,0.16666666666666666,100100000000000000,18,18,False,8.322273830970722,0.5180477657901079,0.3222738309707225,CERTIFIED_R_GT_ETA,
18,4,0.2222222222222222,100010000000000000,18,18,False,8.010804712050895,0.20657864687028038,0.010804712050894949,CERTIFIED_R_GT_ETA,
18,5,0.2777777777777778,100001000000000000,18,18,False,8.628380749618522,0.8241546844379073,0.6283807496185219,CERTIFIED_R_GT_ETA,
18,6,0.3333333333333333,100000100000000000,18,18,False,8.193582776828956,0.3893567116483414,0.19358277682895597,CERTIFIED_R_GT_ETA,
18,7,0.3888888888888889,100000010000000000,18,18,False,8.477098424379117,0.672872359198502,0.47709842437911654,CERTIFIED_R_GT_ETA,
18,8,0.4444444444444444,100000001000000000,18,18,False,8.162909949753065,0.35868388457245004,0.1629099497530646,CERTIFIED_R_GT_ETA,
18,9,0.5,100000000100000000,9,9,False,8.528253177607924,0.7240271124273097,0.5282531776079242,CERTIFIED_R_GT_ETA,
20,1,0.05,11000000000000000000,20,20,False,9.496523677462601,1.6922976122819868,1.4965236774626014,CERTIFIED_R_GT_ETA,5
20,2,0.1,10100000000000000000,20,20,False,8.407096060464795,0.6028699952841805,0.4070960604647951,CERTIFIED_R_GT_ETA,
20,3,0.15,10010000000000000000,20,20,False,8.30835585771539,0.5041297925347763,0.30835585771539087,CERTIFIED_R_GT_ETA,
20,4,0.2,10001000000000000000,20,20,False,8.023307692361833,0.21908162718121815,0.02330769236183272,CERTIFIED_R_GT_ETA,
20,5,0.25,10000100000000000000,20,20,False,8.599804581634686,0.7955785164540714,0.599804581634686,CERTIFIED_R_GT_ETA,
20,6,0.3,10000010000000000000,20,20,False,8.196041256868885,0.39181519168826995,0.19604125686888452,CERTIFIED_R_GT_ETA,
20,7,0.35,10000001000000000000,20,20,False,8.45682262529982,0.6525965601192052,0.45682262529981976,CERTIFIED_R_GT_ETA,
20,8,0.4,10000000100000000000,20,20,False,8.164225777321121,0.35999971214050674,0.1642257773211213,CERTIFIED_R_GT_ETA,
20,9,0.45,10000000010000000000,20,20,False,8.477848545527573,0.6736224803469586,0.47784854552757317,CERTIFIED_R_GT_ETA,
20,10,0.5,10000000001000000000,10,20,False,8.197159848629575,0.39293378344896013,0.1971598486295747,CERTIFIED_R_GT_ETA,
22,1,0.045454545454545456,1100000000000000000000,22,22,False,9.486932528333341,1.6827064631527264,1.486932528333341,CERTIFIED_R_GT_ETA,5
22,2,0.09090909090909091,1010000000000000000000,22,22,False,8.393500801491932,0.5892747363113173,0.3935008014919319,CERTIFIED_R_GT_ETA,
22,3,0.13636363636363635,1001000000000000000000,22,22,False,8.295639429031702,0.4914133638510876,0.29563942903170215,CERTIFIED_R_GT_ETA,
22,4,0.18181818181818182,1000100000000000000000,22,22,False,8.031165732719613,0.22693966753899808,0.03116573271961265,CERTIFIED_R_GT_ETA,
22,5,0.22727272727272727,1000010000000000000000,22,22,False,8.581394882285883,0.7771688171052684,0.581394882285883,CERTIFIED_R_GT_ETA,
22,6,0.2727272727272727,1000001000000000000000,22,22,False,8.192521380847175,0.3882953156665607,0.1925213808471753,CERTIFIED_R_GT_ETA,
22,7,0.3181818181818182,1000000100000000000000,22,22,False,8.434056565613686,0.6298305004330711,0.43405656561368566,CERTIFIED_R_GT_ETA,
22,8,0.36363636363636365,1000000010000000000000,22,22,False,8.172556222968243,0.36833015778762856,0.17255622296824313,CERTIFIED_R_GT_ETA,
22,9,0.4090909090909091,1000000001000000000000,22,22,False,8.457566270755851,0.6533402055752369,0.45756627075585143,CERTIFIED_R_GT_ETA,
22,10,0.45454545454545453,1000000000100000000000,22,22,False,8.197059743537649,0.3928336783570341,0.19705974353764866,CERTIFIED_R_GT_ETA,
22,11,0.5,1000000000010000000000,11,11,False,8.431898148930323,0.6276720837497081,0.43189814893032263,CERTIFIED_R_GT_ETA,
24,1,0.041666666666666664,110000000000000000000000,24,24,False,9.48103534206685,1.6768092768862353,1.4810353420668498,CERTIFIED_R_GT_ETA,5
24,2,0.08333333333333333,101000000000000000000000,24,24,False,8.383178112558634,0.578952047378019,0.38317811255863354,CERTIFIED_R_GT_ETA,
24,3,0.125,100100000000000000000000,24,24,False,8.28595955695847,0.48173349177785596,0.28595955695847053,CERTIFIED_R_GT_ETA,
24,4,0.16666666666666666,100010000000000000000000,24,24,False,8.037053649242527,0.23282758406191206,0.03705364924252663,CERTIFIED_R_GT_ETA,
24,5,0.20833333333333334,100001000000000000000000,24,24,False,8.566711566354368,0.762485501173753,0.5667115663543676,CERTIFIED_R_GT_ETA,
24,6,0.25,100000100000000000000000,24,24,False,8.190596935532257,0.38637087035164264,0.1905969355322572,CERTIFIED_R_GT_ETA,
24,7,0.2916666666666667,100000010000000000000000,24,24,False,8.419188264075471,0.6149621988948564,0.41918826407547094,CERTIFIED_R_GT_ETA,
24,8,0.3333333333333333,100000001000000000000000,24,24,False,8.174643384742025,0.37041731956141,0.17464338474202457,CERTIFIED_R_GT_ETA,
24,9,0.375,100000000100000000000000,24,24,False,8.435680866351332,0.6314548011707171,0.43568086635133163,CERTIFIED_R_GT_ETA,
24,10,0.4166666666666667,100000000010000000000000,24,24,False,8.203060396512333,0.3988343313317184,0.20306039651233299,CERTIFIED_R_GT_ETA,
24,11,0.4583333333333333,100000000001000000000000,24,24,False,8.413815731185412,0.6095896660047977,0.41381573118541226,CERTIFIED_R_GT_ETA,
24,12,0.5,100000000000100000000000,12,24,False,8.199817210470417,0.3955911452898029,0.19981721047041745,CERTIFIED_R_GT_ETA,
26,1,0.038461538461538464,11000000000000000000000000,26,26,False,9.47753884308116,1.673312777900545,1.4775388430811596,CERTIFIED_R_GT_ETA,5
26,2,0.07692307692307693,10100000000000000000000000,26,26,False,8.374938976839081,0.5707129116584664,0.37493897683908095,CERTIFIED_R_GT_ETA,
26,3,0.11538461538461539,10010000000000000000000000,26,26,False,8.277885323404373,0.47365925822375843,0.277885323404373,CERTIFIED_R_GT_ETA,
26,4,0.15384615384615385,10001000000000000000000000,26,26,False,8.0411832431662,0.2369571779855857,0.041183243166200256,CERTIFIED_R_GT_ETA,
26,5,0.19230769230769232,10000100000000000000000000,26,26,False,8.556156800291127,0.7519307351105127,0.5561568002911272,CERTIFIED_R_GT_ETA,
26,6,0.23076923076923078,10000010000000000000000000,26,26,False,8.18800785747888,0.38378179229826515,0.18800785747887971,CERTIFIED_R_GT_ETA,
26,7,0.2692307692307692,10000001000000000000000000,26,26,False,8.406645013088319,0.6024189479077044,0.406645013088319,CERTIFIED_R_GT_ETA,
26,8,0.3076923076923077,10000000100000000000000000,26,26,False,8.176645678171177,0.37241961299056214,0.1766456781711767,CERTIFIED_R_GT_ETA,
26,9,0.34615384615384615,10000000010000000000000000,26,26,False,8.421186980979508,0.6169609157988933,0.4211869809795079,CERTIFIED_R_GT_ETA,
26,10,0.38461538461538464,10000000001000000000000000,26,26,False,8.203903725213674,0.3996776600330598,0.2039037252136744,CERTIFIED_R_GT_ETA,
26,11,0.4230769230769231,10000000000100000000000000,26,26,False,8.393758508886274,0.589532443705659,0.3937585088862736,CERTIFIED_R_GT_ETA,
26,12,0.46153846153846156,10000000000010000000000000,26,26,False,8.2066171318377,0.4023910666570849,0.20661713183769947,CERTIFIED_R_GT_ETA,
26,13,0.5,10000000000001000000000000,13,13,False,8.396486619977482,0.5922605547968676,0.39648661997748214,CERTIFIED_R_GT_ETA,
28,1,0.03571428571428571,1100000000000000000000000000,28,28,False,9.475435049278412,1.671208984097797,1.4754350492784116,CERTIFIED_R_GT_ETA,6
28,2,0.07142857142857142,1010000000000000000000000000,28,28,False,8.36850184041516,0.5642757752345453,0.3685018404151599,CERTIFIED_R_GT_ETA,
28,3,0.10714285714285714,1001000000000000000000000000,28,28,False,8.27138933863454,0.4671632734539255,0.27138933863454007,CERTIFIED_R_GT_ETA,
28,4,0.14285714285714285,1000100000000000000000000000,28,28,False,8.044247422821195,0.24002135764058075,0.044247422821195315,CERTIFIED_R_GT_ETA,
28,5,0.17857142857142858,1000010000000000000000000000,28,28,False,8.548169641355688,0.7439435761750737,0.5481696413556882,CERTIFIED_R_GT_ETA,
28,6,0.21428571428571427,1000001000000000000000000000,28,28,False,8.185803782295583,0.38157771711496835,0.18580378229558292,CERTIFIED_R_GT_ETA,
28,7,0.25,1000000100000000000000000000,28,28,False,8.397235757831833,0.5930096926512185,0.39723575783183307,CERTIFIED_R_GT_ETA,
28,8,0.2857142857142857,1000000010000000000000000000,28,28,False,8.177321186156796,0.37309512097618125,0.17732118615679582,CERTIFIED_R_GT_ETA,
28,9,0.32142857142857145,1000000001000000000000000000,28,28,False,8.409068385196854,0.6048423200162389,0.4090683851968535,CERTIFIED_R_GT_ETA,
28,10,0.35714285714285715,1000000000100000000000000000,28,28,False,8.204822615781111,0.4005965506004969,0.2048226157811115,CERTIFIED_R_GT_ETA,
28,11,0.39285714285714285,1000000000010000000000000000,28,28,False,8.380396868287397,0.5761708031067823,0.3803968682873968,CERTIFIED_R_GT_ETA,
28,12,0.42857142857142855,1000000000001000000000000000,28,28,False,8.208624557820494,0.4043984926398796,0.20862455782049416,CERTIFIED_R_GT_ETA,
28,13,0.4642857142857143,1000000000000100000000000000,28,28,False,8.377265450535502,0.5730393853548872,0.37726545053550176,CERTIFIED_R_GT_ETA,
28,14,0.5,1000000000000010000000000000,14,28,False,8.213193194432472,0.40896712925185774,0.2131931944324723,CERTIFIED_R_GT_ETA,
30,1,0.03333333333333333,110000000000000000000000000000,30,30,False,9.4741854074762,1.669959342295586,1.4741854074762006,CERTIFIED_R_GT_ETA,6
30,2,0.06666666666666667,101000000000000000000000000000,30,30,False,8.363419259532304,0.559193194351689,0.3634192595323036,CERTIFIED_R_GT_ETA,
30,3,0.1,100100000000000000000000000000,30,30,False,8.266054638303192,0.4618285731225775,0.2660546383031921,CERTIFIED_R_GT_ETA,
30,4,0.13333333333333333,100010000000000000000000000000,30,30,False,8.046494046300735,0.24226798112012027,0.04649404630073484,CERTIFIED_R_GT_ETA,
30,5,0.16666666666666666,100001000000000000000000000000,30,30,False,8.542290571199912,0.7380645060192972,0.5422905711999118,CERTIFIED_R_GT_ETA,
30,6,0.2,100000100000000000000000000000,30,30,False,8.183708879854837,0.3794828146742226,0.1837088798548372,CERTIFIED_R_GT_ETA,
30,7,0.23333333333333334,100000010000000000000000000000,30,30,False,8.389747011467177,0.5855209462865627,0.3897470114671773,CERTIFIED_R_GT_ETA,
30,8,0.26666666666666666,100000001000000000000000000000,30,30,False,8.177665488233195,0.3734394230525808,0.1776654882331954,CERTIFIED_R_GT_ETA,
30,9,0.3,100000000100000000000000000000,30,30,False,8.399960222777219,0.5957341575966044,0.399960222777219,CERTIFIED_R_GT_ETA,
30,10,0.3333333333333333,100000000010000000000000000000,30,30,False,8.204748110229112,0.400522045048497,0.20474811022911155,CERTIFIED_R_GT_ETA,
30,11,0.36666666666666664,100000000001000000000000000000,30,30,False,8.36907900962995,0.5648529444493349,0.36907900962994944,CERTIFIED_R_GT_ETA,
30,12,0.4,100000000000100000000000000000,30,30,False,8.210273503576774,0.4060474383961594,0.210273503576774,CERTIFIED_R_GT_ETA,
30,13,0.43333333333333335,100000000000010000000000000000,30,30,False,8.364386219536193,0.5601601543555788,0.3643862195361933,CERTIFIED_R_GT_ETA,
30,14,0.4666666666666667,100000000000001000000000000000,30,30,False,8.215376875861942,0.4111508106813275,0.2153768758619421,CERTIFIED_R_GT_ETA,
30,15,0.5,100000000000000100000000000000,15,15,False,8.358809111161358,0.5545830459807437,0.3588091111613583,CERTIFIED_R_GT_ETA,
32,1,0.03125,11000000000000000000000000000000,32,32,False,9.473439972531887,1.6692139073512724,1.473439972531887,CERTIFIED_R_GT_ETA,6
32,2,0.0625,10100000000000000000000000000000,32,32,False,8.359430140693902,0.5552040755132879,0.35943014069390244,CERTIFIED_R_GT_ETA,
32,3,0.09375,10010000000000000000000000000000,32,32,False,8.261705092166855,0.4574790269862401,0.26170509216685467,CERTIFIED_R_GT_ETA,
32,4,0.125,10001000000000000000000000000000,32,32,False,8.048173082422506,0.24394701724189183,0.0481730824225064,CERTIFIED_R_GT_ETA,
32,5,0.15625,10000100000000000000000000000000,32,32,False,8.537917659622309,0.7336915944416944,0.537917659622309,CERTIFIED_R_GT_ETA,
32,6,0.1875,10000010000000000000000000000000,32,32,False,8.181867489181757,0.3776414240011423,0.18186748918175688,CERTIFIED_R_GT_ETA,
32,7,0.21875,10000001000000000000000000000000,32,32,False,8.383946029266728,0.579719964086113,0.3839460292667276,CERTIFIED_R_GT_ETA,
32,8,0.25,10000000100000000000000000000000,32,32,False,8.177655842634845,0.37342977745423056,0.17765584263484513,CERTIFIED_R_GT_ETA,
32,9,0.28125,10000000010000000000000000000000,32,32,False,8.392735512892695,0.5885094477120809,0.3927355128926955,CERTIFIED_R_GT_ETA,
32,10,0.3125,10000000001000000000000000000000,32,32,False,8.204508872748583,0.40028280756796875,0.20450887274858331,CERTIFIED_R_GT_ETA,
32,11,0.34375,10000000000100000000000000000000,32,32,False,8.360473315796366,0.5562472506157512,0.36047331579636577,CERTIFIED_R_GT_ETA,
32,12,0.375,10000000000010000000000000000000,32,32,False,8.210863675751288,0.40663761057067305,0.21086367575128762,CERTIFIED_R_GT_ETA,
32,13,0.40625,10000000000001000000000000000000,32,32,False,8.353448016647633,0.5492219514670182,0.3534480166476328,CERTIFIED_R_GT_ETA,
32,14,0.4375,10000000000000100000000000000000,32,32,False,8.217066106791407,0.41284004161079224,0.2170661067914068,CERTIFIED_R_GT_ETA,
32,15,0.46875,10000000000000010000000000000000,32,32,False,8.346401832290065,0.54217576710945,0.3464018322900646,CERTIFIED_R_GT_ETA,
32,16,0.5,10000000000000001000000000000000,16,32,False,8.217985328016539,0.41375926283592435,0.21798532801653892,CERTIFIED_R_GT_ETA,
34,1,0.029411764705882353,1100000000000000000000000000000000,34,34,False,9.472997335606008,1.6687712704253936,1.4729973356060082,CERTIFIED_R_GT_ETA,6
34,2,0.058823529411764705,1010000000000000000000000000000000,34,34,False,8.356296207007306,0.5520701418266913,0.3562962070073059,CERTIFIED_R_GT_ETA,
34,3,0.08823529411764706,1001000000000000000000000000000000,34,34,False,8.258143811238465,0.45391774605785074,0.2581438112384653,CERTIFIED_R_GT_ETA,
34,4,0.11764705882352941,1000100000000000000000000000000000,34,34,False,8.049427694099764,0.24520162891914943,0.049427694099764,CERTIFIED_R_GT_ETA,
34,5,0.14705882352941177,1000010000000000000000000000000000,34,34,False,8.534694449486611,0.7304683843059969,0.5346944494866115,CERTIFIED_R_GT_ETA,
34,6,0.17647058823529413,1000001000000000000000000000000000,34,34,False,8.180233210602225,0.3760071454216103,0.18023321060222486,CERTIFIED_R_GT_ETA,
34,7,0.20588235294117646,1000000100000000000000000000000000,34,34,False,8.379396078016308,0.5751700128356934,0.3793960780163079,CERTIFIED_R_GT_ETA,
34,8,0.23529411764705882,1000000010000000000000000000000000,34,34,False,8.177506992178273,0.37328092699765847,0.17750699217827304,CERTIFIED_R_GT_ETA,
34,9,0.2647058823529412,1000000001000000000000000000000000,34,34,False,8.38714514272662,0.5829190775460056,0.38714514272662015,CERTIFIED_R_GT_ETA,
34,10,0.29411764705882354,1000000000100000000000000000000000,34,34,False,8.20406830950439,0.399842244323775,0.2040683095043896,CERTIFIED_R_GT_ETA,
34,11,0.3235294117647059,1000000000010000000000000000000000,34,34,False,8.353560496964786,0.5493344317841711,0.35356049696478564,CERTIFIED_R_GT_ETA,
34,12,0.35294117647058826,1000000000001000000000000000000000,34,34,False,8.211138675561099,0.4069126103804841,0.21113867556109867,CERTIFIED_R_GT_ETA,
34,13,0.38235294117647056,1000000000000100000000000000000000,34,34,False,8.345088140515317,0.5408620753347027,0.3450881405153172,CERTIFIED_R_GT_ETA,
34,14,0.4117647058823529,1000000000000010000000000000000000,34,34,False,8.217746772018554,0.4135207068379394,0.21774677201855397,CERTIFIED_R_GT_ETA,
34,15,0.4411764705882353,1000000000000001000000000000000000,34,34,False,8.335813580372168,0.5315875151915535,0.335813580372168,CERTIFIED_R_GT_ETA,
34,16,0.47058823529411764,1000000000000000100000000000000000,34,34,False,8.219915897013179,0.41568983183256414,0.2199158970131787,CERTIFIED_R_GT_ETA,
34,17,0.5,1000000000000000010000000000000000,17,17,False,8.33428021117673,0.5300541459961146,0.3342802111767291,CERTIFIED_R_GT_ETA,
36,1,0.027777777777777776,110000000000000000000000000000000000,36,36,False,9.47273418777487,1.6685081225942557,1.4727341877748703,CERTIFIED_R_GT_ETA,6
36,2,0.05555555555555555,101000000000000000000000000000000000,36,36,False,8.353841202423006,0.549615137242391,0.35384120242300554,CERTIFIED_R_GT_ETA,
36,3,0.08333333333333333,100100000000000000000000000000000000,36,36,False,8.255233923554515,0.45100785837390056,0.25523392355451513,CERTIFIED_R_GT_ETA,
36,4,0.1111111111111111,100010000000000000000000000000000000,36,36,False,8.0503712025022,0.2461451373215855,0.05037120250220006,CERTIFIED_R_GT_ETA,
36,5,0.1388888888888889,100001000000000000000000000000000000,36,36,False,8.532317277531233,0.728091212350618,0.5323172775312326,CERTIFIED_R_GT_ETA,
36,6,0.16666666666666666,100000100000000000000000000000000000,36,36,False,8.178811423241712,0.37458535806109694,0.1788114232417115,CERTIFIED_R_GT_ETA,
36,7,0.19444444444444445,100000010000000000000000000000000000,36,36,False,8.375854272163124,0.5716282069825098,0.3758542721631244,CERTIFIED_R_GT_ETA,
36,8,0.2222222222222222,100000001000000000000000000000000000,36,36,False,8.177267422646707,0.3730413574660929,0.17726742264670747,CERTIFIED_R_GT_ETA,
36,9,0.25,100000000100000000000000000000000000,36,36,False,8.38277052879791,0.5785444636172947,0.3827705287979093,CERTIFIED_R_GT_ETA,
36,10,0.2777777777777778,100000000010000000000000000000000000,36,36,False,8.203592674683442,0.39936660950282743,0.203592674683442,CERTIFIED_R_GT_ETA,
36,11,0.3055555555555556,100000000001000000000000000000000000,36,36,False,8.348139352172824,0.5439132869922094,0.348139352172824,CERTIFIED_R_GT_ETA,
36,12,0.3333333333333333,100000000000100000000000000000000000,36,36,False,8.211131720338718,0.40690565515810384,0.2111317203387184,CERTIFIED_R_GT_ETA,
36,13,0.3611111111111111,100000000000010000000000000000000000,36,36,False,8.338344462002178,0.5341183968215635,0.33834446200217805,CERTIFIED_R_GT_ETA,
36,14,0.3888888888888889,100000000000001000000000000000000000,36,36,False,8.218089286981547,0.4138632218009324,0.21808928698154695,CERTIFIED_R_GT_ETA,
36,15,0.4166666666666667,100000000000000100000000000000000000,36,36,False,8.327678841287435,0.5234527761068204,0.32767884128743496,CERTIFIED_R_GT_ETA,
36,16,0.4444444444444444,100000000000000010000000000000000000,36,36,False,8.220832628608438,0.4166065634278233,0.2208326286084379,CERTIFIED_R_GT_ETA,
36,17,0.4722222222222222,100000000000000001000000000000000000,36,36,False,8.323907901724022,0.5196818365434073,0.32390790172402184,CERTIFIED_R_GT_ETA,
36,18,0.5,100000000000000000100000000000000000,18,36,False,8.221970136828915,0.4177440716483005,0.2219701368289151,CERTIFIED_R_GT_ETA,
38,1,0.02631578947368421,11000000000000000000000000000000000000,38,38,False,9.472578001033721,1.6683519358531065,1.472578001033721,CERTIFIED_R_GT_ETA,6
38,2,0.05263157894736842,10100000000000000000000000000000000000,38,38,False,8.351920547327682,0.5476944821470671,0.35192054732768163,CERTIFIED_R_GT_ETA,
38,3,0.07894736842105263,10010000000000000000000000000000000000,38,38,False,8.25285605923489,0.4486299940542757,0.2528560592348903,CERTIFIED_R_GT_ETA,
38,4,0.10526315789473684,10001000000000000000000000000000000000,38,38,False,8.051080802630244,0.24685473744962927,0.05108080263024384,CERTIFIED_R_GT_ETA,
38,5,0.13157894736842105,10000100000000000000000000000000000000,38,38,False,8.530571134379596,0.726345069198981,0.5305711343795956,CERTIFIED_R_GT_ETA,
38,6,0.15789473684210525,10000010000000000000000000000000000000,38,38,False,8.177578688389119,0.37335262320850404,0.1775786883891186,CERTIFIED_R_GT_ETA,
38,7,0.18421052631578946,10000001000000000000000000000000000000,38,38,False,8.373093604227549,0.5688675390469342,0.3730936042275488,CERTIFIED_R_GT_ETA,
38,8,0.21052631578947367,10000000100000000000000000000000000000,38,38,False,8.176997115945396,0.372771050764781,0.17699711594539558,CERTIFIED_R_GT_ETA,
38,9,0.23684210526315788,10000000010000000000000000000000000000,38,38,False,8.379371452780953,0.5751453876003385,0.3793714527809531,CERTIFIED_R_GT_ETA,
38,10,0.2631578947368421,10000000001000000000000000000000000000,38,38,False,8.203108864365715,0.3988827991851007,0.2031088643657153,CERTIFIED_R_GT_ETA,
38,11,0.2894736842105263,10000000000100000000000000000000000000,38,38,False,8.343838327376002,0.5396122621953872,0.34383832737600173,CERTIFIED_R_GT_ETA,
38,12,0.3157894736842105,10000000000010000000000000000000000000,38,38,False,8.211010886442688,0.4067848212620735,0.21101088644268806,CERTIFIED_R_GT_ETA,
38,13,0.34210526315789475,10000000000001000000000000000000000000,38,38,False,8.333028343029875,0.5288022778492607,0.3330283430298753,CERTIFIED_R_GT_ETA,
38,14,0.3684210526315789,10000000000000100000000000000000000000,38,38,False,8.218151554894947,0.4139254897143321,0.21815155489494664,CERTIFIED_R_GT_ETA,
38,15,0.39473684210526316,10000000000000010000000000000000000000,38,38,False,8.321081721339388,0.5168556561587732,0.3210817213393877,CERTIFIED_R_GT_ETA,
38,16,0.42105263157894735,10000000000000001000000000000000000000,38,38,False,8.221354859344515,0.4171287941639008,0.22135485934451538,CERTIFIED_R_GT_ETA,
38,17,0.4473684210526316,10000000000000000100000000000000000000,38,38,False,8.315910809682542,0.5116847445019275,0.31591080968254204,CERTIFIED_R_GT_ETA,
38,18,0.47368421052631576,10000000000000000010000000000000000000,38,38,False,8.223017432373897,0.4187913671932826,0.22301743237389715,CERTIFIED_R_GT_ETA,
38,19,0.5,10000000000000000001000000000000000000,19,19,False,8.313695100972549,0.509469035791934,0.3136951009725486,CERTIFIED_R_GT_ETA,
40,1,0.025,1100000000000000000000000000000000000000,40,40,False,9.47248527009254,1.6682592049119247,1.4724852700925393,CERTIFIED_R_GT_ETA,6
40,2,0.05,1010000000000000000000000000000000000000,40,40,False,8.350421098037073,0.546195032856458,0.35042109803707255,CERTIFIED_R_GT_ETA,
40,3,0.075,1001000000000000000000000000000000000000,40,40,False,8.250915671672137,0.4466896064915229,0.25091567167213746,CERTIFIED_R_GT_ETA,
40,4,0.1,1000100000000000000000000000000000000000,40,40,False,8.051614613081778,0.2473885479011635,0.05161461308177806,CERTIFIED_R_GT_ETA,
40,5,0.125,1000010000000000000000000000000000000000,40,40,False,8.52929024901707,0.7250641838364551,0.5292902490170697,CERTIFIED_R_GT_ETA,
40,6,0.15,1000001000000000000000000000000000000000,40,40,False,8.176518188488732,0.37229212330811734,0.1765181884887319,CERTIFIED_R_GT_ETA,
40,7,0.175,1000000100000000000000000000000000000000,40,40,False,8.370948882703338,0.5667228175227237,0.37094888270333826,CERTIFIED_R_GT_ETA,
40,8,0.2,1000000010000000000000000000000000000000,40,40,False,8.17672075526615,0.37249469008553504,0.1767207552661496,CERTIFIED_R_GT_ETA,
40,9,0.225,1000000001000000000000000000000000000000,40,40,False,8.37672761296787,0.5725015477872546,0.37672761296786916,CERTIFIED_R_GT_ETA,
40,10,0.25,1000000000100000000000000000000000000000,40,40,False,8.202655431267605,0.3984293660869902,0.20265543126760477,CERTIFIED_R_GT_ETA,
40,11,0.275,1000000000010000000000000000000000000000,40,40,False,8.340447851356704,0.536221786176089,0.3404478513567035,CERTIFIED_R_GT_ETA,
40,12,0.3,1000000000001000000000000000000000000000,40,40,False,8.210823403101312,0.4065973379206973,0.21082340310131187,CERTIFIED_R_GT_ETA,
40,13,0.325,1000000000000100000000000000000000000000,40,40,False,8.328789104281446,0.5245630391008316,0.32878910428144614,CERTIFIED_R_GT_ETA,
40,14,0.35,1000000000000010000000000000000000000000,40,40,False,8.218091320844655,0.41386525566404053,0.2180913208446551,CERTIFIED_R_GT_ETA,
40,15,0.375,1000000000000001000000000000000000000000,40,40,False,8.315850046240826,0.511623981060211,0.3158500462408256,CERTIFIED_R_GT_ETA,
40,16,0.4,1000000000000000100000000000000000000000,40,40,False,8.221570964905737,0.4173448997251228,0.22157096490573736,CERTIFIED_R_GT_ETA,
40,17,0.425,1000000000000000010000000000000000000000,40,40,False,8.309403058779687,0.505176993599072,0.30940305877968655,CERTIFIED_R_GT_ETA,
40,18,0.45,1000000000000000001000000000000000000000,40,40,False,8.223637692091309,0.4194116269106942,0.2236376920913088,CERTIFIED_R_GT_ETA,
40,19,0.475,1000000000000000000100000000000000000000,40,40,False,8.30579804498387,0.5015719798032556,0.3057980449838702,CERTIFIED_R_GT_ETA,
40,20,0.5,1000000000000000000010000000000000000000,20,40,False,8.224192979890661,0.4199669147100469,0.22419297989066145,CERTIFIED_R_GT_ETA,
42,1,0.023809523809523808,110000000000000000000000000000000000000000,42,42,False,9.47243024605626,1.6682041808756463,1.4724302460562608,CERTIFIED_R_GT_ETA,6
42,2,0.047619047619047616,101000000000000000000000000000000000000000,42,42,False,8.349252393096195,0.5450263279155809,0.3492523930961955,CERTIFIED_R_GT_ETA,
42,3,0.07142857142857142,100100000000000000000000000000000000000000,42,42,False,8.249333914713404,0.44510784953278915,0.24933391471340371,CERTIFIED_R_GT_ETA,
42,4,0.09523809523809523,100010000000000000000000000000000000000000,42,42,False,8.052014964159014,0.24778889897839917,0.052014964159013743,CERTIFIED_R_GT_ETA,
42,5,0.11904761904761904,100001000000000000000000000000000000000000,42,42,False,8.52835277276254,0.7241267075819255,0.5283527727625401,CERTIFIED_R_GT_ETA,
42,6,0.14285714285714285,100000100000000000000000000000000000000000,42,42,False,8.175609568269184,0.3713835030885697,0.17560956826918428,CERTIFIED_R_GT_ETA,
42,7,0.16666666666666666,100000010000000000000000000000000000000000,42,42,False,8.369284675235011,0.5650586100543968,0.3692846752350114,CERTIFIED_R_GT_ETA,
42,8,0.19047619047619047,100000001000000000000000000000000000000000,42,42,False,8.17645649420629,0.3722304290256755,0.17645649420629006,CERTIFIED_R_GT_ETA,
42,9,0.21428571428571427,100000000100000000000000000000000000000000,42,42,False,8.374677721113612,0.5704516559329971,0.37467772111361164,CERTIFIED_R_GT_ETA,
42,10,0.23809523809523808,100000000010000000000000000000000000000000,42,42,False,8.2022428365827,0.39801677140208547,0.20224283658270004,CERTIFIED_R_GT_ETA,
42,11,0.2619047619047619,100000000001000000000000000000000000000000,42,42,False,8.337771588077908,0.5335455228972936,0.3377715880779082,CERTIFIED_R_GT_ETA,
42,12,0.2857142857142857,100000000000100000000000000000000000000000,42,42,False,8.210616301302762,0.40639023612214764,0.2106163013027622,CERTIFIED_R_GT_ETA,
42,13,0.30952380952380953,100000000000010000000000000000000000000000,42,42,False,8.325428775050177,0.5212027098695629,0.3254287750501774,CERTIFIED_R_GT_ETA,
42,14,0.3333333333333333,100000000000001000000000000000000000000000,42,42,False,8.217959219085941,0.4137331539053264,0.21795921908594096,CERTIFIED_R_GT_ETA,
42,15,0.35714285714285715,100000000000000100000000000000000000000000,42,42,False,8.311652585719225,0.5074265205386101,0.3116525857192247,CERTIFIED_R_GT_ETA,
42,16,0.38095238095238093,100000000000000010000000000000000000000000,42,42,False,8.22163614639734,0.41741008121672607,0.22163614639734064,CERTIFIED_R_GT_ETA,
42,17,0.40476190476190477,100000000000000001000000000000000000000000,42,42,False,8.304221512175413,0.4999954469947987,0.30422151217541327,CERTIFIED_R_GT_ETA,
42,18,0.42857142857142855,100000000000000000100000000000000000000000,42,42,False,8.223939268662583,0.41971320348196883,0.2239392686625834,CERTIFIED_R_GT_ETA,
42,19,0.4523809523809524,100000000000000000010000000000000000000000,42,42,False,8.299352448318034,0.4951263831374195,0.2993524483180341,CERTIFIED_R_GT_ETA,
42,20,0.47619047619047616,100000000000000000001000000000000000000000,42,42,False,8.22490957285131,0.4206835076706952,0.22490957285130975,CERTIFIED_R_GT_ETA,
42,21,0.5,100000000000000000000100000000000000000000,21,21,False,8.297961071393912,0.49373500621329747,0.29796107139391204,CERTIFIED_R_GT_ETA,
44,1,0.022727272727272728,11000000000000000000000000000000000000000000,44,44,False,9.472397593816778,1.6681715286361634,1.472397593816778,CERTIFIED_R_GT_ETA,7
44,2,0.045454545454545456,10100000000000000000000000000000000000000000,44,44,False,8.348343007841612,0.5441169426609971,0.34834300784161165,CERTIFIED_R_GT_ETA,
44,3,0.06818181818181818,10010000000000000000000000000000000000000000,44,44,False,8.24804628832266,0.44382022314204583,0.2480462883226604,CERTIFIED_R_GT_ETA,
44,4,0.09090909090909091,10001000000000000000000000000000000000000000,44,44,False,8.05231373087487,0.24808766569425522,0.05231373087486979,CERTIFIED_R_GT_ETA,
44,5,0.11363636363636363,10000100000000000000000000000000000000000000,44,44,False,8.527667566062634,0.7234415008820196,0.5276675660626342,CERTIFIED_R_GT_ETA,
44,6,0.13636363636363635,10000010000000000000000000000000000000000000,44,44,False,8.174834482281835,0.37060841710122006,0.17483448228183462,CERTIFIED_R_GT_ETA,
44,7,0.1590909090909091,10000001000000000000000000000000000000000000,44,44,False,8.367996094977599,0.5637700297969843,0.3679960949775989,CERTIFIED_R_GT_ETA,
44,8,0.18181818181818182,10000000100000000000000000000000000000000000,44,44,False,8.176212548626408,0.3719864834457933,0.1762125486264079,CERTIFIED_R_GT_ETA,
44,9,0.20454545454545456,10000000010000000000000000000000000000000000,44,44,False,8.373090296855844,0.5688642316752297,0.3730902968558443,CERTIFIED_R_GT_ETA,
44,10,0.22727272727272727,10000000001000000000000000000000000000000000,44,44,False,8.201877690229981,0.3976516250493667,0.20187769022998125,CERTIFIED_R_GT_ETA,
44,11,0.25,10000000000100000000000000000000000000000000,44,44,False,8.335664999068433,0.5314389338878183,0.33566499906843283,CERTIFIED_R_GT_ETA,
44,12,0.2727272727272727,10000000000010000000000000000000000000000000,44,44,False,8.210409484892265,0.40618341971165073,0.2104094848922653,CERTIFIED_R_GT_ETA,
44,13,0.29545454545454547,10000000000001000000000000000000000000000000,44,44,False,8.322761341529542,0.5185352763489277,0.3227613415295423,CERTIFIED_R_GT_ETA,
44,14,0.3181818181818182,10000000000000100000000000000000000000000000,44,44,False,8.217801013602845,0.4135749484222302,0.21780101360284476,CERTIFIED_R_GT_ETA,
44,15,0.3409090909090909,10000000000000010000000000000000000000000000,44,44,False,8.308303618080686,0.5040775529000712,0.30830361808068574,CERTIFIED_R_GT_ETA,
44,16,0.36363636363636365,10000000000000001000000000000000000000000000,44,44,False,8.221608866691923,0.4173828015113088,0.22160886669192337,CERTIFIED_R_GT_ETA,
44,17,0.38636363636363635,10000000000000000100000000000000000000000000,44,44,False,8.300047212474047,0.49582114729343196,0.30004721247404653,CERTIFIED_R_GT_ETA,
44,18,0.4090909090909091,10000000000000000010000000000000000000000000,44,44,False,8.224074206000976,0.4198481408203616,0.22407420600097616,CERTIFIED_R_GT_ETA,
44,19,0.4318181818181818,10000000000000000001000000000000000000000000,44,44,False,8.294202659504696,0.4899765943240819,0.2942026595046965,CERTIFIED_R_GT_ETA,
44,20,0.45454545454545453,10000000000000000000100000000000000000000000,44,44,False,8.225293136531672,0.42106707135105736,0.22529313653167193,CERTIFIED_R_GT_ETA,
44,21,0.4772727272727273,10000000000000000000010000000000000000000000,44,44,False,8.291549945026444,0.4873238798458299,0.2915499450264445,CERTIFIED_R_GT_ETA,
44,22,0.5,10000000000000000000001000000000000000000000,22,44,False,8.225698032501453,0.4214719673208389,0.22569803250145348,CERTIFIED_R_GT_ETA,
46,1,0.021739130434782608,1100000000000000000000000000000000000000000000,46,46,False,9.472378221432665,1.6681521562520505,1.472378221432665,CERTIFIED_R_GT_ETA,7
46,2,0.043478260869565216,1010000000000000000000000000000000000000000000,46,46,False,8.347636413514335,0.5434103483337207,0.3476364135143353,CERTIFIED_R_GT_ETA,
46,3,0.06521739130434782,1001000000000000000000000000000000000000000000,46,46,False,8.246999450177999,0.44277338499738406,0.24699945017799863,CERTIFIED_R_GT_ETA,
46,4,0.08695652173913043,1000100000000000000000000000000000000000000000,46,46,False,8.052534845424645,0.2483087802440309,0.05253484542464548,CERTIFIED_R_GT_ETA,
46,5,0.10869565217391304,1000010000000000000000000000000000000000000000,46,46,False,8.527167436901625,0.72294137172101,0.5271674369016246,CERTIFIED_R_GT_ETA,
46,6,0.13043478260869565,1000001000000000000000000000000000000000000000,46,46,False,8.174175456636043,0.36994939145542816,0.17417545663604272,CERTIFIED_R_GT_ETA,
46,7,0.15217391304347827,1000000100000000000000000000000000000000000000,46,46,False,8.366999876986243,0.5627738118056289,0.3669998769862435,CERTIFIED_R_GT_ETA,
46,8,0.17391304347826086,1000000010000000000000000000000000000000000000,46,46,False,8.175993096240932,0.37176703106031717,0.17599309624093173,CERTIFIED_R_GT_ETA,
46,9,0.1956521739130435,1000000001000000000000000000000000000000000000,46,46,False,8.371863562903599,0.5676374977229841,0.3718635629035987,CERTIFIED_R_GT_ETA,
46,10,0.21739130434782608,1000000000100000000000000000000000000000000000,46,46,False,8.201559677155524,0.3973336119749096,0.20155967715552414,CERTIFIED_R_GT_ETA,
46,11,0.2391304347826087,1000000000010000000000000000000000000000000000,46,46,False,8.334008569463164,0.529782504282549,0.3340085694631636,CERTIFIED_R_GT_ETA,
46,12,0.2608695652173913,1000000000001000000000000000000000000000000000,46,46,False,8.210216097521695,0.4059900323410801,0.21021609752169468,CERTIFIED_R_GT_ETA,
46,13,0.2826086956521739,1000000000000100000000000000000000000000000000,46,46,False,8.3206493945763,0.5164233293956855,0.32064939457630004,CERTIFIED_R_GT_ETA,
46,14,0.30434782608695654,1000000000000010000000000000000000000000000000,46,46,False,8.217637379680742,0.41341131450012725,0.21763737968074182,CERTIFIED_R_GT_ETA,
46,15,0.32608695652173914,1000000000000001000000000000000000000000000000,46,46,False,8.305627352627463,0.5014012874468481,0.30562735262746266,CERTIFIED_R_GT_ETA,
46,16,0.34782608695652173,1000000000000000100000000000000000000000000000,46,46,False,8.221537412327859,0.41731134714724405,0.22153741232785862,CERTIFIED_R_GT_ETA,
46,17,0.3695652173913043,1000000000000000010000000000000000000000000000,46,46,False,8.29670194184925,0.49247587666863524,0.2967019418492498,CERTIFIED_R_GT_ETA,
46,18,0.391304347826087,1000000000000000001000000000000000000000000000,46,46,False,8.224105586582727,0.4198795214021125,0.22410558658272706,CERTIFIED_R_GT_ETA,
46,19,0.41304347826086957,1000000000000000000100000000000000000000000000,46,46,False,8.290039088266168,0.4858130230855533,0.29003908826616787,CERTIFIED_R_GT_ETA,
46,20,0.43478260869565216,1000000000000000000010000000000000000000000000,46,46,False,8.225494235860845,0.42126817068023037,0.22549423586084494,CERTIFIED_R_GT_ETA,
46,21,0.45652173913043476,1000000000000000000001000000000000000000000000,46,46,False,8.286414017883555,0.48218795270294024,0.2864140178835548,CERTIFIED_R_GT_ETA,
46,22,0.4782608695652174,1000000000000000000000100000000000000000000000,46,46,False,8.226142599582145,0.42191653440153054,0.2261425995821451,CERTIFIED_R_GT_ETA,
46,23,0.5,1000000000000000000000010000000000000000000000,23,23,False,8.285155121633233,0.4809290564526183,0.28515512163323287,CERTIFIED_R_GT_ETA,
48,1,0.020833333333333332,110000000000000000000000000000000000000000000000,48,48,False,9.472366727741067,1.668140662560452,1.4723667277410666,CERTIFIED_R_GT_ETA,7
48,2,0.041666666666666664,101000000000000000000000000000000000000000000000,48,48,False,8.34708810111526,0.542862035934645,0.34708810111525956,CERTIFIED_R_GT_ETA,
48,3,0.0625,100100000000000000000000000000000000000000000000,48,48,False,8.24614949342876,0.44192342824814546,0.24614949342876002,CERTIFIED_R_GT_ETA,
48,4,0.08333333333333333,100010000000000000000000000000000000000000000000,48,48,False,8.052696518708025,0.24847045352741048,0.05269651870802505,CERTIFIED_R_GT_ETA,
48,5,0.10416666666666667,100001000000000000000000000000000000000000000000,48,48,False,8.526802755989383,0.7225766908087685,0.5268027559893831,CERTIFIED_R_GT_ETA,
48,6,0.125,100000100000000000000000000000000000000000000000,48,48,False,8.173616781243945,0.3693907160633305,0.17361678124394508,CERTIFIED_R_GT_ETA,
48,7,0.14583333333333334,100000010000000000000000000000000000000000000000,48,48,False,8.366230912713942,0.562004847533327,0.3662309127139416,CERTIFIED_R_GT_ETA,
48,8,0.16666666666666666,100000001000000000000000000000000000000000000000,48,48,False,8.175799056801822,0.37157299162120694,0.1757990568018215,CERTIFIED_R_GT_ETA,
48,9,0.1875,100000000100000000000000000000000000000000000000,48,48,False,8.37091697555848,0.566690910377865,0.3709169755584796,CERTIFIED_R_GT_ETA,
48,10,0.20833333333333334,100000000010000000000000000000000000000000000000,48,48,False,8.20128635501869,0.39706028983807506,0.20128635501868963,CERTIFIED_R_GT_ETA,
48,11,0.22916666666666666,100000000001000000000000000000000000000000000000,48,48,False,8.332708607773462,0.5284825425928474,0.332708607773462,CERTIFIED_R_GT_ETA,
48,12,0.25,100000000000100000000000000000000000000000000000,48,48,False,8.210041552838264,0.40581548765764985,0.21004155283826442,CERTIFIED_R_GT_ETA,
48,13,0.2708333333333333,100000000000010000000000000000000000000000000000,48,48,False,8.318978862378971,0.5147527971983568,0.31897886237897133,CERTIFIED_R_GT_ETA,
48,14,0.2916666666666667,100000000000001000000000000000000000000000000000,48,48,False,8.217481657201509,0.413255592020894,0.21748165720150858,CERTIFIED_R_GT_ETA,
48,15,0.3125,100000000000000100000000000000000000000000000000,48,48,False,8.303493680073924,0.4992676148933093,0.30349368007392385,CERTIFIED_R_GT_ETA,
48,16,0.3333333333333333,100000000000000010000000000000000000000000000000,48,48,False,8.221445908735614,0.4172198435549994,0.22144590873561398,CERTIFIED_R_GT_ETA,
48,17,0.3541666666666667,100000000000000001000000000000000000000000000000,48,48,False,8.2940164025663,0.4897903373856849,0.29401640256629946,CERTIFIED_R_GT_ETA,
48,18,0.375,100000000000000000100000000000000000000000000000,48,48,False,8.224082774009625,0.4198567088290108,0.2240827740096254,CERTIFIED_R_GT_ETA,
48,19,0.3958333333333333,100000000000000000010000000000000000000000000000,48,48,False,8.286689493602458,0.482463428421843,0.28668949360245755,CERTIFIED_R_GT_ETA,
48,20,0.4166666666666667,100000000000000000001000000000000000000000000000,48,48,False,8.225580454793015,0.4213543896124001,0.2255804547930147,CERTIFIED_R_GT_ETA,
48,21,0.4375,100000000000000000000100000000000000000000000000,48,48,False,8.282250092237454,0.4780240270568399,0.28225009223745445,CERTIFIED_R_GT_ETA,
48,22,0.4583333333333333,100000000000000000000010000000000000000000000000,48,48,False,8.226392713299052,0.42216664811843785,0.22639271329905242,CERTIFIED_R_GT_ETA,
48,23,0.4791666666666667,100000000000000000000001000000000000000000000000,48,48,False,8.280021045907857,0.47579498072724213,0.2800210459078567,CERTIFIED_R_GT_ETA,
48,24,0.5,100000000000000000000000100000000000000000000000,24,48,False,8.226638474705146,0.4224124095245312,0.22663847470514575,CERTIFIED_R_GT_ETA,
50,1,0.02,11000000000000000000000000000000000000000000000000,50,50,False,9.47235990900964,1.6681338438290254,1.47235990900964,CERTIFIED_R_GT_ETA,7
50,2,0.04,10100000000000000000000000000000000000000000000000,50,50,False,8.346663086149125,0.5424370209685101,0.34666308614912467,CERTIFIED_R_GT_ETA,
50,3,0.06,10010000000000000000000000000000000000000000000000,50,50,False,8.245460238936548,0.44123417375593377,0.24546023893654834,CERTIFIED_R_GT_ETA,
50,4,0.08,10001000000000000000000000000000000000000000000000,50,50,False,8.052812654347315,0.24858658916670073,0.0528126543473153,CERTIFIED_R_GT_ETA,
50,5,0.1,10000100000000000000000000000000000000000000000000,50,50,False,8.52653706873078,0.7223110035501659,0.5265370687307804,CERTIFIED_R_GT_ETA,
50,6,0.12,10000010000000000000000000000000000000000000000000,50,50,False,8.173144349799843,0.3689182846192285,0.17314434979984306,CERTIFIED_R_GT_ETA,
50,7,0.14,10000001000000000000000000000000000000000000000000,50,50,False,8.365638131764058,0.5614120665834434,0.365638131764058,CERTIFIED_R_GT_ETA,
50,8,0.16,10000000100000000000000000000000000000000000000000,50,50,False,8.175629721539076,0.37140365635846173,0.1756297215390763,CERTIFIED_R_GT_ETA,
50,9,0.18,10000000010000000000000000000000000000000000000000,50,50,False,8.37018768043732,0.5659616152567057,0.3701876804373203,CERTIFIED_R_GT_ETA,
50,10,0.2,10000000001000000000000000000000000000000000000000,50,50,False,8.201053625833888,0.3968275606532732,0.20105362583388775,CERTIFIED_R_GT_ETA,
50,11,0.22,10000000000100000000000000000000000000000000000000,50,50,False,8.331689859087303,0.5274637939066888,0.3316898590873034,CERTIFIED_R_GT_ETA,
50,12,0.24,10000000000010000000000000000000000000000000000000,50,50,False,8.209887983887878,0.4056619187072634,0.209887983887878,CERTIFIED_R_GT_ETA,
50,13,0.26,10000000000001000000000000000000000000000000000000,50,50,False,8.317659886896623,0.5134338217160082,0.3176598868966227,CERTIFIED_R_GT_ETA,
50,14,0.28,10000000000000100000000000000000000000000000000000,50,50,False,8.21733978499187,0.4131137198112551,0.21733978499186968,CERTIFIED_R_GT_ETA,
50,15,0.3,10000000000000010000000000000000000000000000000000,50,50,False,8.301794008075753,0.49756794289513806,0.30179400807575263,CERTIFIED_R_GT_ETA,
50,16,0.32,10000000000000001000000000000000000000000000000000,50,50,False,8.221349994631769,0.4171239294511544,0.22134999463176896,CERTIFIED_R_GT_ETA,
50,17,0.34,10000000000000000100000000000000000000000000000000,50,50,False,8.291865133998133,0.4876390688175185,0.2918651339981331,CERTIFIED_R_GT_ETA,
50,18,0.36,10000000000000000010000000000000000000000000000000,50,50,False,8.224031802702715,0.4198057375221005,0.22403180270271505,CERTIFIED_R_GT_ETA,
50,19,0.38,10000000000000000001000000000000000000000000000000,50,50,False,8.28398969170466,0.47976362652404525,0.2839896917046598,CERTIFIED_R_GT_ETA,
50,20,0.4,10000000000000000000100000000000000000000000000000,50,50,False,8.225602602138508,0.4213765369578937,0.22560260213850825,CERTIFIED_R_GT_ETA,
50,21,0.42,10000000000000000000010000000000000000000000000000,50,50,False,8.278890056019726,0.4746639908391117,0.2788900560197263,CERTIFIED_R_GT_ETA,
50,22,0.44,10000000000000000000001000000000000000000000000000,50,50,False,8.226519428435445,0.42229336325483047,0.22651942843544504,CERTIFIED_R_GT_ETA,
50,23,0.46,10000000000000000000000100000000000000000000000000,50,50,False,8.27584904042636,0.4716229752457455,0.27584904042636005,CERTIFIED_R_GT_ETA,
50,24,0.48,10000000000000000000000010000000000000000000000000,50,50,False,8.226929599025166,0.42270353384455106,0.22692959902516563,CERTIFIED_R_GT_ETA,
50,25,0.5,10000000000000000000000001000000000000000000000000,25,25,False,8.274879413548497,0.47065334836788253,0.2748794135484971,CERTIFIED_R_GT_ETA,
52,1,0.019230769230769232,1100000000000000000000000000000000000000000000000000,52,52,False,9.472355863734101,1.6681297985534869,1.4723558637341014,CERTIFIED_R_GT_ETA,7
52,2,0.038461538461538464,1010000000000000000000000000000000000000000000000000,52,52,False,8.346333958930174,0.5421078937495594,0.34633395893017394,CERTIFIED_R_GT_ETA,
52,3,0.057692307692307696,1001000000000000000000000000000000000000000000000000,52,52,False,8.244901949240802,0.44067588406018743,0.244901949240802,CERTIFIED_R_GT_ETA,
52,4,0.07692307692307693,1000100000000000000000000000000000000000000000000000,52,52,False,8.05289393818499,0.24866787300437565,0.05289393818499022,CERTIFIED_R_GT_ETA,
52,5,0.09615384615384616,1000010000000000000000000000000000000000000000000000,52,52,False,8.526343628595107,0.7221175634144927,0.5263436285951073,CERTIFIED_R_GT_ETA,
52,6,0.11538461538461539,1000001000000000000000000000000000000000000000000000,52,52,False,8.172745722284061,0.36851965710344636,0.17274572228406093,CERTIFIED_R_GT_ETA,
52,7,0.1346153846153846,1000000100000000000000000000000000000000000000000000,52,52,False,8.365181703730384,0.5609556385497694,0.36518170373038394,CERTIFIED_R_GT_ETA,
52,8,0.15384615384615385,1000000010000000000000000000000000000000000000000000,52,52,False,8.175483378830014,0.37125731364939973,0.1754833788300143,CERTIFIED_R_GT_ETA,
52,9,0.17307692307692307,1000000001000000000000000000000000000000000000000000,52,52,False,8.369626500869916,0.5654004356893019,0.36962650086991644,CERTIFIED_R_GT_ETA,
52,10,0.19230769230769232,1000000000100000000000000000000000000000000000000000,52,52,False,8.200856939071324,0.39663087389070917,0.20085693907132374,CERTIFIED_R_GT_ETA,
52,11,0.21153846153846154,1000000000010000000000000000000000000000000000000000,52,52,False,8.330892693874917,0.5266666286943025,0.33089269387491704,CERTIFIED_R_GT_ETA,
52,12,0.23076923076923078,1000000000001000000000000000000000000000000000000000,52,52,False,8.209755158154497,0.4055290929738824,0.20975515815449697,CERTIFIED_R_GT_ETA,
52,13,0.25,1000000000000100000000000000000000000000000000000000,52,52,False,8.316619918401413,0.5123938532207983,0.3166199184014129,CERTIFIED_R_GT_ETA,
52,14,0.2692307692307692,1000000000000010000000000000000000000000000000000000,52,52,False,8.217214355911702,0.41298829073108756,0.21721435591170213,CERTIFIED_R_GT_ETA,
52,15,0.28846153846153844,1000000000000001000000000000000000000000000000000000,52,52,False,8.300442354416314,0.49621628923569894,0.3004423544163135,CERTIFIED_R_GT_ETA,
52,16,0.3076923076923077,1000000000000000100000000000000000000000000000000000,52,52,False,8.221257714308338,0.4170316491277237,0.2212577143083383,CERTIFIED_R_GT_ETA,
52,17,0.3269230769230769,1000000000000000010000000000000000000000000000000000,52,52,False,8.290143095375836,0.48591703019522114,0.2901430953758357,CERTIFIED_R_GT_ETA,
52,18,0.34615384615384615,1000000000000000001000000000000000000000000000000000,52,52,False,8.223969522920303,0.41974345773968835,0.22396952292030292,CERTIFIED_R_GT_ETA,
52,19,0.36538461538461536,1000000000000000000100000000000000000000000000000000,52,52,False,8.281817940079819,0.47759187489920407,0.28181794007981864,CERTIFIED_R_GT_ETA,
52,20,0.38461538461538464,1000000000000000000010000000000000000000000000000000,52,52,False,8.225588683565704,0.42136261838508915,0.22558868356570372,CERTIFIED_R_GT_ETA,
52,21,0.40384615384615385,1000000000000000000001000000000000000000000000000000,52,52,False,8.27617329181969,0.4719472266390756,0.2761732918196902,CERTIFIED_R_GT_ETA,
52,22,0.4230769230769231,1000000000000000000000100000000000000000000000000000,52,52,False,8.226574661120997,0.42234859594038276,0.22657466112099733,CERTIFIED_R_GT_ETA,
52,23,0.4423076923076923,1000000000000000000000010000000000000000000000000000,52,52,False,8.27247402030564,0.46824795512502604,0.2724740203056406,CERTIFIED_R_GT_ETA,
52,24,0.46153846153846156,1000000000000000000000001000000000000000000000000000,52,52,False,8.227090000962862,0.4228639357822477,0.22709000096286225,CERTIFIED_R_GT_ETA,
52,25,0.4807692307692308,1000000000000000000000000100000000000000000000000000,52,52,False,8.270693474785286,0.4664674096046717,0.27069347478528627,CERTIFIED_R_GT_ETA,
52,26,0.5,1000000000000000000000000010000000000000000000000000,26,52,False,8.227253373820389,0.42302730863977445,0.22725337382038902,CERTIFIED_R_GT_ETA,
54,1,0.018518518518518517,110000000000000000000000000000000000000000000000000000,54,54,False,9.472353463901298,1.6681273987206833,1.4723534639012978,CERTIFIED_R_GT_ETA,7
54,2,0.037037037037037035,101000000000000000000000000000000000000000000000000000,54,54,False,8.346079292274952,0.5418532270943377,0.34607929227495227,CERTIFIED_R_GT_ETA,
54,3,0.05555555555555555,100100000000000000000000000000000000000000000000000000,54,54,False,8.244450216486184,0.4402241513055696,0.24445021648618415,CERTIFIED_R_GT_ETA,
54,4,0.07407407407407407,100010000000000000000000000000000000000000000000000000,54,54,False,8.052948610918499,0.2487225457378841,0.05294861091849867,CERTIFIED_R_GT_ETA,
54,5,0.09259259259259259,100001000000000000000000000000000000000000000000000000,54,54,False,8.52620286400867,0.7219767988280559,0.5262028640086704,CERTIFIED_R_GT_ETA,
54,6,0.1111111111111111,100000100000000000000000000000000000000000000000000000,54,54,False,8.172410002253411,0.3681839370727964,0.17241000225341097,CERTIFIED_R_GT_ETA,
54,7,0.12962962962962962,100000010000000000000000000000000000000000000000000000,54,54,False,8.364830608438973,0.5606045432583588,0.3648306084389734,CERTIFIED_R_GT_ETA,
54,8,0.14814814814814814,100000001000000000000000000000000000000000000000000000,54,54,False,8.175357867293453,0.37113180211283847,0.17535786729345304,CERTIFIED_R_GT_ETA,
54,9,0.16666666666666666,100000000100000000000000000000000000000000000000000000,54,54,False,8.369195169618182,0.5649691044375675,0.3691951696181821,CERTIFIED_R_GT_ETA,
54,10,0.18518518518518517,100000000010000000000000000000000000000000000000000000,54,54,False,8.200691665302699,0.39646560012208454,0.2006916653026991,CERTIFIED_R_GT_ETA,
54,11,0.2037037037037037,100000000001000000000000000000000000000000000000000000,54,54,False,8.330269709382412,0.5260436442017973,0.33026970938241185,CERTIFIED_R_GT_ETA,
54,12,0.2222222222222222,100000000000100000000000000000000000000000000000000000,54,54,False,8.209641738493612,0.4054156733129979,0.20964173849361245,CERTIFIED_R_GT_ETA,
54,13,0.24074074074074073,100000000000010000000000000000000000000000000000000000,54,54,False,8.315801140864215,0.5115750756836004,0.31580114086421496,CERTIFIED_R_GT_ETA,
54,14,0.25925925925925924,100000000000001000000000000000000000000000000000000000,54,54,False,8.217105638906798,0.4128795737261832,0.2171056389067978,CERTIFIED_R_GT_ETA,
54,15,0.2777777777777778,100000000000000100000000000000000000000000000000000000,54,54,False,8.299368867380135,0.49514280219952056,0.29936886738013513,CERTIFIED_R_GT_ETA,
54,16,0.2962962962962963,100000000000000010000000000000000000000000000000000000,54,54,False,8.221173340317435,0.4169472751368204,0.22117334031743496,CERTIFIED_R_GT_ETA,
54,17,0.3148148148148148,100000000000000001000000000000000000000000000000000000,54,54,False,8.288766842165938,0.48454077698532316,0.28876684216593773,CERTIFIED_R_GT_ETA,
54,18,0.3333333333333333,100000000000000000100000000000000000000000000000000000,54,54,False,8.223905141477282,0.4196790762966671,0.2239051414772817,CERTIFIED_R_GT_ETA,
54,19,0.35185185185185186,100000000000000000010000000000000000000000000000000000,54,54,False,8.280072039687703,0.475845974507088,0.28007203968770256,CERTIFIED_R_GT_ETA,
54,20,0.37037037037037035,100000000000000000001000000000000000000000000000000000,54,54,False,8.225556852519631,0.4213307873390164,0.22555685251963098,CERTIFIED_R_GT_ETA,
54,21,0.3888888888888889,100000000000000000000100000000000000000000000000000000,54,54,False,8.273980670987072,0.46975460580645745,0.273980670987072,CERTIFIED_R_GT_ETA,
54,22,0.4074074074074074,100000000000000000000010000000000000000000000000000000,54,54,False,8.226587924483583,0.42236185930296877,0.22658792448358334,CERTIFIED_R_GT_ETA,
54,23,0.42592592592592593,100000000000000000000001000000000000000000000000000000,54,54,False,8.269737970182767,0.46551190500215256,0.26973797018276713,CERTIFIED_R_GT_ETA,
54,24,0.4444444444444444,100000000000000000000000100000000000000000000000000000,54,54,False,8.227172625586256,0.4229465604056415,0.22717262558625606,CERTIFIED_R_GT_ETA,
54,25,0.46296296296296297,100000000000000000000000010000000000000000000000000000,54,54,False,8.267300256777103,0.46307419159648866,0.26730025677710323,CERTIFIED_R_GT_ETA,
54,26,0.48148148148148145,100000000000000000000000001000000000000000000000000000,54,54,False,8.227440498931724,0.42321443375110945,0.22744049893172402,CERTIFIED_R_GT_ETA,
54,27,0.5,100000000000000000000000000100000000000000000000000000,27,27,False,8.266489739374817,0.4622636741942028,0.26648973937481735,CERTIFIED_R_GT_ETA,
56,1,0.017857142857142856,11000000000000000000000000000000000000000000000000000000,56,56,False,9.472352040217864,1.668125975037249,1.4723520402178636,CERTIFIED_R_GT_ETA,7
56,2,0.03571428571428571,10100000000000000000000000000000000000000000000000000000,56,56,False,8.345882374743276,0.5416563095626614,0.345882374743276,CERTIFIED_R_GT_ETA,
56,3,0.05357142857142857,10010000000000000000000000000000000000000000000000000000,56,56,False,8.24408505144226,0.43985898626164577,0.24408505144226034,CERTIFIED_R_GT_ETA,
56,4,0.07142857142857142,10001000000000000000000000000000000000000000000000000000,56,56,False,8.052983049719085,0.2487569845384705,0.052983049719085074,CERTIFIED_R_GT_ETA,
56,5,0.08928571428571429,10000100000000000000000000000000000000000000000000000000,56,56,False,8.526100472316086,0.7218744071354717,0.5261004723160863,CERTIFIED_R_GT_ETA,
56,6,0.10714285714285714,10000010000000000000000000000000000000000000000000000000,56,56,False,8.172127727726272,0.36790166254565726,0.17212772772627183,CERTIFIED_R_GT_ETA,
56,7,0.125,10000001000000000000000000000000000000000000000000000000,56,56,False,8.364560764005706,0.5603346988250912,0.3645607640057058,CERTIFIED_R_GT_ETA,
56,8,0.14285714285714285,10000000100000000000000000000000000000000000000000000000,56,56,False,8.175250862220738,0.37102479704012303,0.1752508622207376,CERTIFIED_R_GT_ETA,
56,9,0.16071428571428573,10000000010000000000000000000000000000000000000000000000,56,56,False,8.368863952458543,0.5646378872779287,0.3688639524585433,CERTIFIED_R_GT_ETA,
56,10,0.17857142857142858,10000000001000000000000000000000000000000000000000000000,56,56,False,8.200553427802737,0.396327362622122,0.20055342780273655,CERTIFIED_R_GT_ETA,
56,11,0.19642857142857142,10000000000100000000000000000000000000000000000000000000,56,56,False,8.329783414802272,0.525557349621657,0.3297834148022716,CERTIFIED_R_GT_ETA,
56,12,0.21428571428571427,10000000000010000000000000000000000000000000000000000000,56,56,False,8.209545802143813,0.40531973696319845,0.20954580214381302,CERTIFIED_R_GT_ETA,
56,13,0.23214285714285715,10000000000001000000000000000000000000000000000000000000,56,56,False,8.315157318909366,0.5109312537287511,0.3151573189093657,CERTIFIED_R_GT_ETA,
56,14,0.25,10000000000000100000000000000000000000000000000000000000,56,56,False,8.217012770204017,0.412786705023402,0.21701277020401655,CERTIFIED_R_GT_ETA,
56,15,0.26785714285714285,10000000000000010000000000000000000000000000000000000000,56,56,False,8.298517511501162,0.4942914463205472,0.2985175115011618,CERTIFIED_R_GT_ETA,
56,16,0.2857142857142857,10000000000000001000000000000000000000000000000000000000,56,56,False,8.22109857559975,0.416872510419136,0.22109857559975055,CERTIFIED_R_GT_ETA,
56,17,0.30357142857142855,10000000000000000100000000000000000000000000000000000000,56,56,False,8.28766831381336,0.48344224863274476,0.28766831381335933,CERTIFIED_R_GT_ETA,
56,18,0.32142857142857145,10000000000000000010000000000000000000000000000000000000,56,56,False,8.223843857058956,0.41961779187834125,0.22384385705895582,CERTIFIED_R_GT_ETA,
56,19,0.3392857142857143,10000000000000000001000000000000000000000000000000000000,56,56,False,8.278670587918134,0.47444452273751914,0.2786705879181337,CERTIFIED_R_GT_ETA,
56,20,0.35714285714285715,10000000000000000000100000000000000000000000000000000000,56,56,False,8.225517500677515,0.42129143549690085,0.22551750067751541,CERTIFIED_R_GT_ETA,
56,21,0.375,10000000000000000000010000000000000000000000000000000000,56,56,False,8.272212001160673,0.46798593598005844,0.272212001160673,CERTIFIED_R_GT_ETA,
56,22,0.39285714285714285,10000000000000000000001000000000000000000000000000000000,56,56,False,8.22657836216972,0.42235229698910537,0.22657836216971994,CERTIFIED_R_GT_ETA,
56,23,0.4107142857142857,10000000000000000000000100000000000000000000000000000000,56,56,False,8.267523691171691,0.4632976259910766,0.26752369117169117,CERTIFIED_R_GT_ETA,
56,24,0.42857142857142855,10000000000000000000000010000000000000000000000000000000,56,56,False,8.22720829289423,0.42298222771361615,0.22720829289423072,CERTIFIED_R_GT_ETA,
56,25,0.44642857142857145,10000000000000000000000001000000000000000000000000000000,56,56,False,8.264543552974354,0.4603174877937395,0.26454355297435406,CERTIFIED_R_GT_ETA,
56,26,0.4642857142857143,10000000000000000000000000100000000000000000000000000000,56,56,False,8.227544784581939,0.4233187194013244,0.22754478458193894,CERTIFIED_R_GT_ETA,
56,27,0.48214285714285715,10000000000000000000000000010000000000000000000000000000,56,56,False,8.263076336096562,0.45885027091594743,0.263076336096562,CERTIFIED_R_GT_ETA,
56,28,0.5,10000000000000000000000000001000000000000000000000000000,28,56,False,8.227649417227832,0.4234233520472177,0.22764941722783227,CERTIFIED_R_GT_ETA,
58,1,0.017241379310344827,1100000000000000000000000000000000000000000000000000000000,58,58,False,9.472351195636145,1.6681251304555307,1.4723511956361452,CERTIFIED_R_GT_ETA,7
58,2,0.034482758620689655,1010000000000000000000000000000000000000000000000000000000,58,58,False,8.345730197289168,0.5415041321085532,0.34573019728916776,CERTIFIED_R_GT_ETA,
58,3,0.05172413793103448,1001000000000000000000000000000000000000000000000000000000,58,58,False,8.243790115451578,0.43956405027096324,0.2437901154515778,CERTIFIED_R_GT_ETA,
58,4,0.06896551724137931,1000100000000000000000000000000000000000000000000000000000,58,58,False,8.053002199316463,0.24877613413584854,0.053002199316463106,CERTIFIED_R_GT_ETA,
58,5,0.08620689655172414,1000010000000000000000000000000000000000000000000000000000,58,58,False,8.526026016643762,0.7217999514631472,0.5260260166437618,CERTIFIED_R_GT_ETA,
58,6,0.10344827586206896,1000001000000000000000000000000000000000000000000000000000,58,58,False,8.17189072962295,0.36766466444233536,0.17189072962294993,CERTIFIED_R_GT_ETA,
58,7,0.1206896551724138,1000000100000000000000000000000000000000000000000000000000,58,58,False,8.3643535116067,0.560127446426085,0.3643535116066996,CERTIFIED_R_GT_ETA,
58,8,0.13793103448275862,1000000010000000000000000000000000000000000000000000000000,58,58,False,8.175160069302436,0.3709340041218212,0.17516006930243577,CERTIFIED_R_GT_ETA,
58,9,0.15517241379310345,1000000001000000000000000000000000000000000000000000000000,58,58,False,8.368609815794388,0.5643837506137732,0.3686098157943878,CERTIFIED_R_GT_ETA,
58,10,0.1724137931034483,1000000000100000000000000000000000000000000000000000000000,58,58,False,8.20043822858605,0.3962121634054352,0.20043822858604976,CERTIFIED_R_GT_ETA,
58,11,0.1896551724137931,1000000000010000000000000000000000000000000000000000000000,58,58,False,8.329404197063283,0.5251781318826687,0.3294041970632833,CERTIFIED_R_GT_ETA,
58,12,0.20689655172413793,1000000000001000000000000000000000000000000000000000000000,58,58,False,8.209465245793263,0.4052391806126483,0.20946524579326287,CERTIFIED_R_GT_ETA,
58,13,0.22413793103448276,1000000000000100000000000000000000000000000000000000000000,58,58,False,8.314651656652671,0.5104255914720568,0.31465165665267136,CERTIFIED_R_GT_ETA,
58,14,0.2413793103448276,1000000000000010000000000000000000000000000000000000000000,58,58,False,8.216934278236067,0.4127082130554527,0.21693427823606726,CERTIFIED_R_GT_ETA,
58,15,0.25862068965517243,1000000000000001000000000000000000000000000000000000000000,58,58,False,8.297843157795166,0.4936170926145511,0.2978431577951657,CERTIFIED_R_GT_ETA,
58,16,0.27586206896551724,1000000000000000100000000000000000000000000000000000000000,58,58,False,8.221033747377419,0.4168076821968043,0.22103374737741888,CERTIFIED_R_GT_ETA,
58,17,0.29310344827586204,1000000000000000010000000000000000000000000000000000000000,58,58,False,8.286792671635812,0.48256660645519744,0.286792671635812,CERTIFIED_R_GT_ETA,
58,18,0.3103448275862069,1000000000000000001000000000000000000000000000000000000000,58,58,False,8.223788174508659,0.4195621093280444,0.22378817450865895,CERTIFIED_R_GT_ETA,
58,19,0.3275862068965517,1000000000000000000100000000000000000000000000000000000000,58,58,False,8.27754696438839,0.473320899207776,0.27754696438839055,CERTIFIED_R_GT_ETA,
58,20,0.3448275862068966,1000000000000000000010000000000000000000000000000000000000,58,58,False,8.225476761898339,0.4212506967177241,0.22547676189833865,CERTIFIED_R_GT_ETA,
58,21,0.3620689655172414,1000000000000000000001000000000000000000000000000000000000,58,58,False,8.270787324298224,0.4665612591176096,0.27078732429822416,CERTIFIED_R_GT_ETA,
58,22,0.3793103448275862,1000000000000000000000100000000000000000000000000000000000,58,58,False,8.226557263256552,0.42233119807593766,0.22655726325655223,CERTIFIED_R_GT_ETA,
58,23,0.39655172413793105,1000000000000000000000010000000000000000000000000000000000,58,58,False,8.265732470610041,0.4615064054294269,0.26573247061004146,CERTIFIED_R_GT_ETA,
58,24,0.41379310344827586,1000000000000000000000001000000000000000000000000000000000,58,58,False,8.227217012221416,0.42299094704080176,0.22721701222141633,CERTIFIED_R_GT_ETA,
58,25,0.43103448275862066,1000000000000000000000000100000000000000000000000000000000,58,58,False,8.262307521081661,0.45808145590104665,0.2623075210816612,CERTIFIED_R_GT_ETA,
58,26,0.4482758620689655,1000000000000000000000000010000000000000000000000000000000,58,58,False,8.227598118585293,0.42337205340467854,0.2275981185852931,CERTIFIED_R_GT_ETA,
58,27,0.46551724137931033,1000000000000000000000000001000000000000000000000000000000,58,58,False,8.260298304812112,0.45607223963149757,0.26029830481211214,CERTIFIED_R_GT_ETA,
58,28,0.4827586206896552,1000000000000000000000000000100000000000000000000000000000,58,58,False,8.227771316176433,0.42354525099581863,0.2277713161764332,CERTIFIED_R_GT_ETA,
58,29,0.5,1000000000000000000000000000010000000000000000000000000000,29,29,False,8.259641756595537,0.4554156914149221,0.2596417565955367,CERTIFIED_R_GT_ETA,
60,1,0.016666666666666666,110000000000000000000000000000000000000000000000000000000000,60,60,False,9.472350694599399,1.6681246294187844,1.472350694599399,CERTIFIED_R_GT_ETA,7
60,2,0.03333333333333333,101000000000000000000000000000000000000000000000000000000000,60,60,False,8.34561265018173,0.5413865850011153,0.3456126501817298,CERTIFIED_R_GT_ETA,
60,3,0.05,100100000000000000000000000000000000000000000000000000000000,60,60,False,8.24355208073547,0.4393260155548546,0.2435520807354692,CERTIFIED_R_GT_ETA,
60,4,0.06666666666666667,100010000000000000000000000000000000000000000000000000000000,60,60,False,8.053009898514393,0.2487838333337784,0.05300989851439297,CERTIFIED_R_GT_ETA,
60,5,0.08333333333333333,100001000000000000000000000000000000000000000000000000000000,60,60,False,8.52597188829266,0.7217458231120446,0.5259718882926592,CERTIFIED_R_GT_ETA,
60,6,0.1,100000100000000000000000000000000000000000000000000000000000,60,60,False,8.171691993448485,0.3674659282678707,0.1716919934484853,CERTIFIED_R_GT_ETA,
60,7,0.11666666666666667,100000010000000000000000000000000000000000000000000000000000,60,60,False,8.364194425014027,0.5599683598334124,0.364194425014027,CERTIFIED_R_GT_ETA,
60,8,0.13333333333333333,100000001000000000000000000000000000000000000000000000000000,60,60,False,8.175083327324947,0.370857262144332,0.17508332732494658,CERTIFIED_R_GT_ETA,
60,9,0.15,100000000100000000000000000000000000000000000000000000000000,60,60,False,8.36841495063189,0.5641888854512747,0.3684149506318892,CERTIFIED_R_GT_ETA,
60,10,0.16666666666666666,100000000010000000000000000000000000000000000000000000000000,60,60,False,8.200342514194306,0.39611644901369125,0.20034251419430582,CERTIFIED_R_GT_ETA,
60,11,0.18333333333333332,100000000001000000000000000000000000000000000000000000000000,60,60,False,8.329108735342349,0.524882670161734,0.3291087353423485,CERTIFIED_R_GT_ETA,
60,12,0.2,100000000000100000000000000000000000000000000000000000000000,60,60,False,8.209397985382331,0.4051719202017168,0.20939798538233134,CERTIFIED_R_GT_ETA,
60,13,0.21666666666666667,100000000000010000000000000000000000000000000000000000000000,60,60,False,8.314254905070685,0.5100288398900705,0.3142549050706851,CERTIFIED_R_GT_ETA,
60,14,0.23333333333333334,100000000000001000000000000000000000000000000000000000000000,60,60,False,8.216868473630287,0.41264240844967226,0.21686847363028683,CERTIFIED_R_GT_ETA,
60,15,0.25,100000000000000100000000000000000000000000000000000000000000,60,60,False,8.29730962561786,0.49308356043724544,0.29730962561786,CERTIFIED_R_GT_ETA,
60,16,0.26666666666666666,100000000000000010000000000000000000000000000000000000000000,60,60,False,8.220978386165386,0.4167523209847719,0.22097838616538645,CERTIFIED_R_GT_ETA,
60,17,0.2833333333333333,100000000000000001000000000000000000000000000000000000000000,60,60,False,8.286095541067686,0.48186947588707163,0.2860955410676862,CERTIFIED_R_GT_ETA,
60,18,0.3,100000000000000000100000000000000000000000000000000000000000,60,60,False,8.223739089645377,0.4195130244647629,0.22373908964537748,CERTIFIED_R_GT_ETA,
60,19,0.31666666666666665,100000000000000000010000000000000000000000000000000000000000,60,60,False,8.276647289610093,0.4724212244294783,0.2766472896100929,CERTIFIED_R_GT_ETA,
60,20,0.3333333333333333,100000000000000000001000000000000000000000000000000000000000,60,60,False,8.225437931264416,0.42121186608380157,0.22543793126441614,CERTIFIED_R_GT_ETA,
60,21,0.35,100000000000000000000100000000000000000000000000000000000000,60,60,False,8.269641035817903,0.46541497063728876,0.26964103581790333,CERTIFIED_R_GT_ETA,
60,22,0.36666666666666664,100000000000000000000010000000000000000000000000000000000000,60,60,False,8.226531466156233,0.42230540097561864,0.2265314661562332,CERTIFIED_R_GT_ETA,
60,23,0.38333333333333336,100000000000000000000001000000000000000000000000000000000000,60,60,False,8.2642854150157,0.4600593498350847,0.26428541501569924,CERTIFIED_R_GT_ETA,
60,24,0.4,100000000000000000000000100000000000000000000000000000000000,60,60,False,8.227210843704404,0.422984778523789,0.2272108437044036,CERTIFIED_R_GT_ETA,
60,25,0.4166666666666667,100000000000000000000000010000000000000000000000000000000000,60,60,False,8.260494484777588,0.45626841959697373,0.2604944847775883,CERTIFIED_R_GT_ETA,
60,26,0.43333333333333335,100000000000000000000000001000000000000000000000000000000000,60,60,False,8.22762121733522,0.42339515215460466,0.22762121733521923,CERTIFIED_R_GT_ETA,
60,27,0.45,100000000000000000000000000100000000000000000000000000000000,60,60,False,8.258040751190972,0.45381468601035735,0.2580407511909719,CERTIFIED_R_GT_ETA,
60,28,0.4666666666666667,100000000000000000000000000010000000000000000000000000000000,60,60,False,8.227838977600465,0.4236129124198502,0.2278389776004648,CERTIFIED_R_GT_ETA,
60,29,0.48333333333333334,100000000000000000000000000001000000000000000000000000000000,60,60,False,8.25684238119143,0.45261631601081476,0.2568423811914293,CERTIFIED_R_GT_ETA,
60,30,0.5,100000000000000000000000000000100000000000000000000000000000,30,60,False,8.227907416195384,0.42368135101476945,0.22790741619538402,CERTIFIED_R_GT_ETA,
62,1,0.016129032258064516,11000000000000000000000000000000000000000000000000000000000000,62,62,False,9.472350397367144,1.6681243321865296,1.4723503973671441,CERTIFIED_R_GT_ETA,7
62,2,0.03225806451612903,10100000000000000000000000000000000000000000000000000000000000,62,62,False,8.345521887910916,0.5412958227303015,0.3455218879109161,CERTIFIED_R_GT_ETA,
62,3,0.04838709677419355,10010000000000000000000000000000000000000000000000000000000000,62,62,False,8.243360095652148,0.4391340304715339,0.24336009565214844,CERTIFIED_R_GT_ETA,
62,4,0.06451612903225806,10001000000000000000000000000000000000000000000000000000000000,62,62,False,8.053009127866652,0.24878306268603723,0.053009127866651795,CERTIFIED_R_GT_ETA,
62,5,0.08064516129032258,10000100000000000000000000000000000000000000000000000000000000,62,62,False,8.525932545096374,0.7217064799157598,0.5259325450963743,CERTIFIED_R_GT_ETA,
62,6,0.0967741935483871,10000010000000000000000000000000000000000000000000000000000000,62,62,False,8.171525522291132,0.3672994571105175,0.17152552229113205,CERTIFIED_R_GT_ETA,
62,7,0.11290322580645161,10000001000000000000000000000000000000000000000000000000000000,62,62,False,8.36407236868035,0.5598463034997359,0.3640723686803504,CERTIFIED_R_GT_ETA,
62,8,0.12903225806451613,10000000100000000000000000000000000000000000000000000000000000,62,62,False,8.175018663671699,0.37079259849108404,0.1750186636716986,CERTIFIED_R_GT_ETA,
62,9,0.14516129032258066,10000000010000000000000000000000000000000000000000000000000000,62,62,False,8.368265615517155,0.5640395503365401,0.36826561551715464,CERTIFIED_R_GT_ETA,
62,10,0.16129032258064516,10000000001000000000000000000000000000000000000000000000000000,62,62,False,8.200263181046227,0.39603711586561197,0.20026318104622653,CERTIFIED_R_GT_ETA,
62,11,0.1774193548387097,10000000000100000000000000000000000000000000000000000000000000,62,62,False,8.328878699811787,0.5246526346311722,0.32887869981178675,CERTIFIED_R_GT_ETA,
62,12,0.1935483870967742,10000000000010000000000000000000000000000000000000000000000000,62,62,False,8.209342076458519,0.4051160112779044,0.209342076458519,CERTIFIED_R_GT_ETA,
62,13,0.20967741935483872,10000000000001000000000000000000000000000000000000000000000000,62,62,False,8.313943881166661,0.5097178159860469,0.3139438811666615,CERTIFIED_R_GT_ETA,
62,14,0.22580645161290322,10000000000000100000000000000000000000000000000000000000000000,62,62,False,8.21681364761142,0.41258758243080607,0.21681364761142063,CERTIFIED_R_GT_ETA,
62,15,0.24193548387096775,10000000000000010000000000000000000000000000000000000000000000,62,62,False,8.296887937012775,0.49266187183216026,0.2968879370127748,CERTIFIED_R_GT_ETA,
62,16,0.25806451612903225,10000000000000001000000000000000000000000000000000000000000000,62,62,False,8.220931639984277,0.41670557480366277,0.22093163998427734,CERTIFIED_R_GT_ETA,
62,17,0.27419354838709675,10000000000000000100000000000000000000000000000000000000000000,62,62,False,8.285541168054493,0.4813151028738787,0.28554116805449326,CERTIFIED_R_GT_ETA,
62,18,0.2903225806451613,10000000000000000010000000000000000000000000000000000000000000,62,62,False,8.223696698565409,0.41947063338479396,0.22369669856540852,CERTIFIED_R_GT_ETA,
62,19,0.3064516129032258,10000000000000000001000000000000000000000000000000000000000000,62,62,False,8.275927786083674,0.4717017209030594,0.27592778608367396,CERTIFIED_R_GT_ETA,
62,20,0.3225806451612903,10000000000000000000100000000000000000000000000000000000000000,62,62,False,8.225402653357895,0.4211765881772802,0.22540265335789478,CERTIFIED_R_GT_ETA,
62,21,0.3387096774193548,10000000000000000000010000000000000000000000000000000000000000,62,62,False,8.268719925937274,0.46449386075665977,0.26871992593727434,CERTIFIED_R_GT_ETA,
62,22,0.3548387096774194,10000000000000000000001000000000000000000000000000000000000000,62,62,False,8.226504858933767,0.42227879375315247,0.22650485893376704,CERTIFIED_R_GT_ETA,
62,23,0.3709677419354839,10000000000000000000000100000000000000000000000000000000000000,62,62,False,8.263117661296986,0.45889159611637176,0.2631176612969863,CERTIFIED_R_GT_ETA,
62,24,0.3870967741935484,10000000000000000000000010000000000000000000000000000000000000,62,62,False,8.227197228172322,0.42297116299170767,0.22719722817232224,CERTIFIED_R_GT_ETA,
62,25,0.4032258064516129,10000000000000000000000001000000000000000000000000000000000000,62,62,False,8.25902629186037,0.4548002266797546,0.2590262918603692,CERTIFIED_R_GT_ETA,
62,26,0.41935483870967744,10000000000000000000000000100000000000000000000000000000000000,62,62,False,8.227626765418643,0.42340070023802845,0.22762676541864302,CERTIFIED_R_GT_ETA,
62,27,0.43548387096774194,10000000000000000000000000010000000000000000000000000000000000,62,62,False,8.25620671623054,0.4519806510499258,0.25620671623054037,CERTIFIED_R_GT_ETA,
62,28,0.45161290322580644,10000000000000000000000000001000000000000000000000000000000000,62,62,False,8.227873711012732,0.42364764583211745,0.22787371101273202,CERTIFIED_R_GT_ETA,
62,29,0.46774193548387094,10000000000000000000000000000100000000000000000000000000000000,62,62,False,8.254563952345658,0.45033788716504297,0.25456395234565754,CERTIFIED_R_GT_ETA,
62,30,0.4838709677419355,10000000000000000000000000000010000000000000000000000000000000,62,62,False,8.22798660516263,0.4237605399820161,0.2279866051626307,CERTIFIED_R_GT_ETA,
62,31,0.5,10000000000000000000000000000001000000000000000000000000000000,31,31,False,8.254022165006157,0.4497960998255426,0.25402216500615715,CERTIFIED_R_GT_ETA,
64,1,0.015625,1100000000000000000000000000000000000000000000000000000000000000,64,64,False,9.472350221038791,1.6681241558581767,1.4723502210387913,CERTIFIED_R_GT_ETA,7
64,2,0.03125,1010000000000000000000000000000000000000000000000000000000000000,64,64,False,8.345451829421734,0.5412257642411191,0.3454518294217337,CERTIFIED_R_GT_ETA,
64,3,0.046875,1001000000000000000000000000000000000000000000000000000000000000,64,64,False,8.243205339964268,0.4389792747836534,0.24320533996426796,CERTIFIED_R_GT_ETA,
64,4,0.0625,1000100000000000000000000000000000000000000000000000000000000000,64,64,False,8.053002199517048,0.24877613433643297,0.053002199517047544,CERTIFIED_R_GT_ETA,
64,5,0.078125,1000010000000000000000000000000000000000000000000000000000000000,64,64,False,8.52590395262914,0.721677887448525,0.5259039526291396,CERTIFIED_R_GT_ETA,
64,6,0.09375,1000001000000000000000000000000000000000000000000000000000000000,64,64,False,8.171386208855173,0.3671601436745586,0.1713862088551732,CERTIFIED_R_GT_ETA,
64,7,0.109375,1000000100000000000000000000000000000000000000000000000000000000,64,64,False,8.363978759832303,0.5597526946516886,0.3639787598323032,CERTIFIED_R_GT_ETA,
64,8,0.125,1000000010000000000000000000000000000000000000000000000000000000,64,64,False,8.174964315763823,0.37073825058320864,0.1749643157638232,CERTIFIED_R_GT_ETA,
64,9,0.140625,1000000001000000000000000000000000000000000000000000000000000000,64,64,False,8.368151224078723,0.5639251588981082,0.3681512240787228,CERTIFIED_R_GT_ETA,
64,10,0.15625,1000000000100000000000000000000000000000000000000000000000000000,64,64,False,8.200197555254462,0.3959714900738476,0.20019755525446215,CERTIFIED_R_GT_ETA,
64,11,0.171875,1000000000010000000000000000000000000000000000000000000000000000,64,64,False,8.328699714067492,0.5244736488868771,0.32869971406749166,CERTIFIED_R_GT_ETA,
64,12,0.1875,1000000000001000000000000000000000000000000000000000000000000000,64,64,False,8.209295767193092,0.4050697020124776,0.20929576719309217,CERTIFIED_R_GT_ETA,
64,13,0.203125,1000000000000100000000000000000000000000000000000000000000000000,64,64,False,8.313700245151752,0.5094741799711375,0.3137002451517521,CERTIFIED_R_GT_ETA,
64,14,0.21875,1000000000000010000000000000000000000000000000000000000000000000,64,64,False,8.216768190151516,0.41254212497090137,0.21676819015151594,CERTIFIED_R_GT_ETA,
64,15,0.234375,1000000000000001000000000000000000000000000000000000000000000000,64,64,False,8.296554946834412,0.4923288816537976,0.2965549468344122,CERTIFIED_R_GT_ETA,
64,16,0.25,1000000000000000100000000000000000000000000000000000000000000000,64,64,False,8.220892500519982,0.4166664353393674,0.220892500519982,CERTIFIED_R_GT_ETA,
64,17,0.265625,1000000000000000010000000000000000000000000000000000000000000000,64,64,False,8.285100767911029,0.4808747027304143,0.2851007679110289,CERTIFIED_R_GT_ETA,
64,18,0.28125,1000000000000000001000000000000000000000000000000000000000000000,64,64,False,8.223660623056476,0.4194345578758618,0.22366062305647638,CERTIFIED_R_GT_ETA,
64,19,0.296875,1000000000000000000100000000000000000000000000000000000000000000,64,64,False,8.27535302683418,0.4711269616535656,0.27535302683418017,CERTIFIED_R_GT_ETA,
64,20,0.3125,1000000000000000000010000000000000000000000000000000000000000000,64,64,False,8.225371564057195,0.42114549887658015,0.22537156405719472,CERTIFIED_R_GT_ETA,
64,21,0.328125,1000000000000000000001000000000000000000000000000000000000000000,64,64,False,8.267980623881815,0.46375455870120064,0.2679806238818152,CERTIFIED_R_GT_ETA,
64,22,0.34375,1000000000000000000000100000000000000000000000000000000000000000,64,64,False,8.22647957079124,0.4222535056106249,0.22647957079123948,CERTIFIED_R_GT_ETA,
64,23,0.359375,1000000000000000000000010000000000000000000000000000000000000000,64,64,False,8.26217647916871,0.45795041398809566,0.26217647916871023,CERTIFIED_R_GT_ETA,
64,24,0.375,1000000000000000000000001000000000000000000000000000000000000000,64,64,False,8.227180556265242,0.4229544910846279,0.22718055626524247,CERTIFIED_R_GT_ETA,
64,25,0.390625,1000000000000000000000000100000000000000000000000000000000000000,64,64,False,8.257838585834374,0.4536125206537598,0.25783858583437436,CERTIFIED_R_GT_ETA,
64,26,0.40625,1000000000000000000000000010000000000000000000000000000000000000,64,64,False,8.227622689434547,0.42339662425393243,0.227622689434547,CERTIFIED_R_GT_ETA,
64,27,0.421875,1000000000000000000000000001000000000000000000000000000000000000,64,64,False,8.254718554974943,0.4504924897943283,0.2547185549749429,CERTIFIED_R_GT_ETA,
64,28,0.4375,1000000000000000000000000000100000000000000000000000000000000000,64,64,False,8.227888719740655,0.42366265456004015,0.22788871974065472,CERTIFIED_R_GT_ETA,
64,29,0.453125,1000000000000000000000000000010000000000000000000000000000000000,64,64,False,8.252709984320253,0.4484839191396386,0.25270998432025316,CERTIFIED_R_GT_ETA,
64,30,0.46875,1000000000000000000000000000001000000000000000000000000000000000,64,64,False,8.22803068261888,0.4238046174382646,0.22803068261887915,CERTIFIED_R_GT_ETA,
64,31,0.484375,1000000000000000000000000000000100000000000000000000000000000000,64,64,False,8.25172381064369,0.44749774546307464,0.2517238106436892,CERTIFIED_R_GT_ETA,
64,32,0.5,1000000000000000000000000000000010000000000000000000000000000000,32,64,False,8.228075134352697,0.423849069172082,0.22807513435269655,CERTIFIED_R_GT_ETA,
