period,canonical_q_code,q_bits,d,a,b,defect_gap_sequence,minimum_defect_separation,maximum_defect_separation,defect_density,primitive_q_period,primitive_tau_period,target_repetition,two_defect,near_antipodal,survived_through_k
17,1,10000000000000000,1,0,0,[0],0,0,0.058823529411764705,17,17,False,False,False,16
17,73,10010010000000000,3,0,0,"[3, 3, 11]",3,11,0.17647058823529413,17,17,False,False,False,16
17,137,10010001000000000,3,0,0,"[3, 4, 10]",3,10,0.17647058823529413,17,17,False,False,False,16
17,273,10001000100000000,3,0,0,"[4, 4, 9]",4,9,0.17647058823529413,17,17,False,False,False,16
17,8773,10100010010001000,5,0,1,"[2, 3, 4, 4, 4]",2,4,0.29411764705882354,17,17,False,False,False,16
17,8777,10010010010001000,5,0,0,"[3, 3, 3, 4, 4]",3,4,0.29411764705882354,17,17,False,False,False,16
17,9289,10010010001001000,5,0,0,"[3, 3, 3, 4, 4]",3,4,0.29411764705882354,17,17,False,False,False,16
18,0,000000000000000000,0,0,0,[],,,0.0,1,2,False,False,False,16
18,9,100100000000000000,2,0,0,"[3, 15]",3,15,0.1111111111111111,18,18,False,True,False,16
18,17,100010000000000000,2,0,0,"[4, 14]",4,14,0.1111111111111111,18,18,False,True,False,16
18,1097,100100100010000000,4,0,0,"[3, 3, 4, 8]",3,8,0.2222222222222222,18,18,False,False,False,16
18,1105,100010100010000000,4,0,1,"[2, 4, 4, 8]",2,8,0.2222222222222222,18,18,False,False,False,16
18,1161,100100010010000000,4,0,0,"[3, 3, 4, 8]",3,8,0.2222222222222222,18,18,False,False,False,16
18,2185,100100010001000000,4,0,0,"[3, 4, 4, 7]",3,7,0.2222222222222222,18,18,False,False,False,16
18,2193,100010010001000000,4,0,0,"[3, 4, 4, 7]",3,7,0.2222222222222222,18,18,False,False,False,16
18,4369,100010001000100000,4,0,0,"[4, 4, 4, 6]",4,6,0.2222222222222222,18,18,False,False,False,16
18,37449,100100100100100100,6,0,0,"[3, 3, 3, 3, 3, 3]",3,3,0.3333333333333333,3,3,False,False,False,16
19,1,1000000000000000000,1,0,0,[0],0,0,0.05263157894736842,19,19,False,False,False,16
19,73,1001001000000000000,3,0,0,"[3, 3, 13]",3,13,0.15789473684210525,19,19,False,False,False,16
19,137,1001000100000000000,3,0,0,"[3, 4, 12]",3,12,0.15789473684210525,19,19,False,False,False,16
19,273,1000100010000000000,3,0,0,"[4, 4, 11]",4,11,0.15789473684210525,19,19,False,False,False,16
19,1041,1000100000100000000,3,0,0,"[4, 6, 9]",4,9,0.15789473684210525,19,19,False,False,False,16
19,2065,1000100000010000000,3,0,0,"[4, 7, 8]",4,8,0.15789473684210525,19,19,False,False,False,16
19,4681,1001001001001000000,5,0,0,"[3, 3, 3, 3, 7]",3,7,0.2631578947368421,19,19,False,False,False,16
19,8777,1001001001000100000,5,0,0,"[3, 3, 3, 4, 6]",3,6,0.2631578947368421,19,19,False,False,False,16
19,9289,1001001000100100000,5,0,0,"[3, 3, 3, 4, 6]",3,6,0.2631578947368421,19,19,False,False,False,16
19,34953,1001000100010001000,5,0,0,"[3, 4, 4, 4, 4]",3,4,0.2631578947368421,19,19,False,False,False,16
20,0,00000000000000000000,0,0,0,[],,,0.0,1,2,False,False,False,16
20,9,10010000000000000000,2,0,0,"[3, 17]",3,17,0.1,20,20,False,True,False,16
20,17,10001000000000000000,2,0,0,"[4, 16]",4,16,0.1,20,20,False,True,False,16
20,585,10010010010000000000,4,0,0,"[3, 3, 3, 11]",3,11,0.2,20,20,False,False,False,16
20,1097,10010010001000000000,4,0,0,"[3, 3, 4, 10]",3,10,0.2,20,20,False,False,False,16
20,1105,10001010001000000000,4,0,1,"[2, 4, 4, 10]",2,10,0.2,20,20,False,False,False,16
20,1161,10010001001000000000,4,0,0,"[3, 3, 4, 10]",3,10,0.2,20,20,False,False,False,16
20,2185,10010001000100000000,4,0,0,"[3, 4, 4, 9]",3,9,0.2,20,20,False,False,False,16
20,2193,10001001000100000000,4,0,0,"[3, 4, 4, 9]",3,9,0.2,20,20,False,False,False,16
20,4369,10001000100010000000,4,0,0,"[4, 4, 4, 8]",4,8,0.2,20,20,False,False,False,16
20,8713,10010000010001000000,4,0,0,"[3, 4, 6, 7]",3,7,0.2,20,20,False,False,False,16
20,16657,10001000100000100000,4,0,0,"[4, 4, 6, 6]",4,6,0.2,20,20,False,False,False,16
20,17425,10001000001000100000,4,0,0,"[4, 4, 6, 6]",4,6,0.2,10,10,False,False,False,16
20,70213,10100010010010001000,6,0,1,"[2, 3, 3, 4, 4, 4]",2,4,0.3,20,20,False,False,False,16
20,70217,10010010010010001000,6,0,0,"[3, 3, 3, 3, 4, 4]",3,4,0.3,20,20,False,False,False,16
20,70725,10100010001010001000,6,0,2,"[2, 2, 4, 4, 4, 4]",2,4,0.3,10,20,False,False,False,16
20,74309,10100010010001001000,6,0,1,"[2, 3, 3, 4, 4, 4]",2,4,0.3,20,20,False,False,False,16
20,74313,10010010010001001000,6,0,0,"[3, 3, 3, 3, 4, 4]",3,4,0.3,20,20,False,False,False,16
20,74825,10010010001001001000,6,0,0,"[3, 3, 3, 3, 4, 4]",3,4,0.3,10,20,False,False,False,16
21,1,100000000000000000000,1,0,0,[0],0,0,0.047619047619047616,21,21,False,False,False,16
21,73,100100100000000000000,3,0,0,"[3, 3, 15]",3,15,0.14285714285714285,21,21,False,False,False,16
21,137,100100010000000000000,3,0,0,"[3, 4, 14]",3,14,0.14285714285714285,21,21,False,False,False,16
21,273,100010001000000000000,3,0,0,"[4, 4, 13]",4,13,0.14285714285714285,21,21,False,False,False,16
21,1041,100010000010000000000,3,0,0,"[4, 6, 11]",4,11,0.14285714285714285,21,21,False,False,False,16
21,4113,100010000000100000000,3,0,0,"[4, 8, 9]",4,9,0.14285714285714285,21,21,False,False,False,16
21,4681,100100100100100000000,5,0,0,"[3, 3, 3, 3, 9]",3,9,0.23809523809523808,21,21,False,False,False,16
21,8777,100100100100010000000,5,0,0,"[3, 3, 3, 4, 8]",3,8,0.23809523809523808,21,21,False,False,False,16
21,8841,100100010100010000000,5,0,1,"[2, 3, 4, 4, 8]",2,8,0.23809523809523808,21,21,False,False,False,16
21,9289,100100100010010000000,5,0,0,"[3, 3, 3, 4, 8]",3,8,0.23809523809523808,21,21,False,False,False,16
21,17481,100100100010001000000,5,0,0,"[3, 3, 4, 4, 7]",3,7,0.23809523809523808,21,21,False,False,False,16
21,17489,100010100010001000000,5,0,1,"[2, 4, 4, 4, 7]",2,7,0.23809523809523808,21,21,False,False,False,16
21,17545,100100010010001000000,5,0,0,"[3, 3, 4, 4, 7]",3,7,0.23809523809523808,21,21,False,False,False,16
21,17553,100010010010001000000,5,0,0,"[3, 3, 4, 4, 7]",3,7,0.23809523809523808,21,21,False,False,False,16
21,18569,100100010001001000000,5,0,0,"[3, 3, 4, 4, 7]",3,7,0.23809523809523808,21,21,False,False,False,16
21,34953,100100010001000100000,5,0,0,"[3, 4, 4, 4, 6]",3,6,0.23809523809523808,21,21,False,False,False,16
21,34961,100010010001000100000,5,0,0,"[3, 4, 4, 4, 6]",3,6,0.23809523809523808,21,21,False,False,False,16
21,69905,100010001000100010000,5,0,0,"[4, 4, 4, 4, 5]",4,5,0.23809523809523808,21,21,False,False,False,16
21,299593,100100100100100100100,7,0,0,"[3, 3, 3, 3, 3, 3, 3]",3,3,0.3333333333333333,3,3,False,False,False,16
22,0,0000000000000000000000,0,0,0,[],,,0.0,1,2,False,False,False,16
22,9,1001000000000000000000,2,0,0,"[3, 19]",3,19,0.09090909090909091,22,22,False,True,False,16
22,17,1000100000000000000000,2,0,0,"[4, 18]",4,18,0.09090909090909091,22,22,False,True,False,16
22,585,1001001001000000000000,4,0,0,"[3, 3, 3, 13]",3,13,0.18181818181818182,22,22,False,False,False,16
22,1097,1001001000100000000000,4,0,0,"[3, 3, 4, 12]",3,12,0.18181818181818182,22,22,False,False,False,16
22,1105,1000101000100000000000,4,0,1,"[2, 4, 4, 12]",2,12,0.18181818181818182,22,22,False,False,False,16
22,1161,1001000100100000000000,4,0,0,"[3, 3, 4, 12]",3,12,0.18181818181818182,22,22,False,False,False,16
22,2185,1001000100010000000000,4,0,0,"[3, 4, 4, 11]",3,11,0.18181818181818182,22,22,False,False,False,16
22,2193,1000100100010000000000,4,0,0,"[3, 4, 4, 11]",3,11,0.18181818181818182,22,22,False,False,False,16
22,4369,1000100010001000000000,4,0,0,"[4, 4, 4, 10]",4,10,0.18181818181818182,22,22,False,False,False,16
22,8329,1001000100000100000000,4,0,0,"[3, 4, 6, 9]",3,9,0.18181818181818182,22,22,False,False,False,16
22,8713,1001000001000100000000,4,0,0,"[3, 4, 6, 9]",3,9,0.18181818181818182,22,22,False,False,False,16
22,16457,1001001000000010000000,4,0,0,"[3, 3, 8, 8]",3,8,0.18181818181818182,22,22,False,False,False,16
22,16521,1001000100000010000000,4,0,0,"[3, 4, 7, 8]",3,8,0.18181818181818182,22,22,False,False,False,16
22,16529,1000100100000010000000,4,0,0,"[3, 4, 7, 8]",3,8,0.18181818181818182,22,22,False,False,False,16
22,16657,1000100010000010000000,4,0,0,"[4, 4, 6, 8]",4,8,0.18181818181818182,22,22,False,False,False,16
22,17417,1001000000100010000000,4,0,0,"[3, 4, 7, 8]",3,8,0.18181818181818182,22,22,False,False,False,16
22,17425,1000100000100010000000,4,0,0,"[4, 4, 6, 8]",4,8,0.18181818181818182,22,22,False,False,False,16
22,18441,1001000000010010000000,4,0,0,"[3, 3, 8, 8]",3,8,0.18181818181818182,11,22,False,False,False,16
22,33041,1000100010000001000000,4,0,0,"[4, 4, 7, 7]",4,7,0.18181818181818182,22,22,False,False,False,16
22,34833,1000100000010001000000,4,0,0,"[4, 4, 7, 7]",4,7,0.18181818181818182,11,22,False,False,False,16
22,66577,1000100000100000100000,4,0,0,"[4, 6, 6, 6]",4,6,0.18181818181818182,22,22,False,False,False,16
22,37449,1001001001001001000000,6,0,0,"[3, 3, 3, 3, 3, 7]",3,7,0.2727272727272727,22,22,False,False,False,16
22,70217,1001001001001000100000,6,0,0,"[3, 3, 3, 3, 4, 6]",3,6,0.2727272727272727,22,22,False,False,False,16
22,70729,1001001000101000100000,6,0,1,"[2, 3, 3, 4, 4, 6]",2,6,0.2727272727272727,22,22,False,False,False,16
22,74313,1001001001000100100000,6,0,0,"[3, 3, 3, 3, 4, 6]",3,6,0.2727272727272727,22,22,False,False,False,16
22,74825,1001001000100100100000,6,0,0,"[3, 3, 3, 3, 4, 6]",3,6,0.2727272727272727,22,22,False,False,False,16
22,279621,1010001000100010001000,6,0,1,"[2, 4, 4, 4, 4, 4]",2,4,0.2727272727272727,22,22,False,False,False,16
22,279625,1001001000100010001000,6,0,0,"[3, 3, 4, 4, 4, 4]",3,4,0.2727272727272727,22,22,False,False,False,16
22,279689,1001000100100010001000,6,0,0,"[3, 3, 4, 4, 4, 4]",3,4,0.2727272727272727,22,22,False,False,False,16
22,280713,1001000100010010001000,6,0,0,"[3, 3, 4, 4, 4, 4]",3,4,0.2727272727272727,11,11,False,False,False,16
23,1,10000000000000000000000,1,0,0,[0],0,0,0.043478260869565216,23,23,False,False,False,16
23,73,10010010000000000000000,3,0,0,"[3, 3, 17]",3,17,0.13043478260869565,23,23,False,False,False,16
23,137,10010001000000000000000,3,0,0,"[3, 4, 16]",3,16,0.13043478260869565,23,23,False,False,False,16
23,273,10001000100000000000000,3,0,0,"[4, 4, 15]",4,15,0.13043478260869565,23,23,False,False,False,16
23,1041,10001000001000000000000,3,0,0,"[4, 6, 13]",4,13,0.13043478260869565,23,23,False,False,False,16
23,2065,10001000000100000000000,3,0,0,"[4, 7, 12]",4,12,0.13043478260869565,23,23,False,False,False,16
23,4113,10001000000010000000000,3,0,0,"[4, 8, 11]",4,11,0.13043478260869565,23,23,False,False,False,16
23,8209,10001000000001000000000,3,0,0,"[4, 9, 10]",4,10,0.13043478260869565,23,23,False,False,False,16
23,4681,10010010010010000000000,5,0,0,"[3, 3, 3, 3, 11]",3,11,0.21739130434782608,23,23,False,False,False,16
23,8777,10010010010001000000000,5,0,0,"[3, 3, 3, 4, 10]",3,10,0.21739130434782608,23,23,False,False,False,16
23,8841,10010001010001000000000,5,0,1,"[2, 3, 4, 4, 10]",2,10,0.21739130434782608,23,23,False,False,False,16
23,9289,10010010001001000000000,5,0,0,"[3, 3, 3, 4, 10]",3,10,0.21739130434782608,23,23,False,False,False,16
23,17481,10010010001000100000000,5,0,0,"[3, 3, 4, 4, 9]",3,9,0.21739130434782608,23,23,False,False,False,16
23,17489,10001010001000100000000,5,0,1,"[2, 4, 4, 4, 9]",2,9,0.21739130434782608,23,23,False,False,False,16
23,17545,10010001001000100000000,5,0,0,"[3, 3, 4, 4, 9]",3,9,0.21739130434782608,23,23,False,False,False,16
23,17553,10001001001000100000000,5,0,0,"[3, 3, 4, 4, 9]",3,9,0.21739130434782608,23,23,False,False,False,16
23,18569,10010001000100100000000,5,0,0,"[3, 3, 4, 4, 9]",3,9,0.21739130434782608,23,23,False,False,False,16
23,33353,10010010010000010000000,5,0,0,"[3, 3, 3, 6, 8]",3,8,0.21739130434782608,23,23,False,False,False,16
23,34953,10010001000100010000000,5,0,0,"[3, 4, 4, 4, 8]",3,8,0.21739130434782608,23,23,False,False,False,16
23,34961,10001001000100010000000,5,0,0,"[3, 4, 4, 4, 8]",3,8,0.21739130434782608,23,23,False,False,False,16
23,66633,10010010001000001000000,5,0,0,"[3, 3, 4, 6, 7]",3,7,0.21739130434782608,23,23,False,False,False,16
23,69705,10010010000010001000000,5,0,0,"[3, 3, 4, 6, 7]",3,7,0.21739130434782608,23,23,False,False,False,16
23,69905,10001000100010001000000,5,0,0,"[4, 4, 4, 4, 7]",4,7,0.21739130434782608,23,23,False,False,False,16
23,73865,10010001000001001000000,5,0,0,"[3, 3, 4, 6, 7]",3,7,0.21739130434782608,23,23,False,False,False,16
23,133257,10010001000100000100000,5,0,0,"[3, 4, 4, 6, 6]",3,6,0.21739130434782608,23,23,False,False,False,16
23,133265,10001001000100000100000,5,0,0,"[3, 4, 4, 6, 6]",3,6,0.21739130434782608,23,23,False,False,False,16
23,139401,10010001000001000100000,5,0,0,"[3, 4, 4, 6, 6]",3,6,0.21739130434782608,23,23,False,False,False,16
23,139785,10010000010001000100000,5,0,0,"[3, 4, 4, 6, 6]",3,6,0.21739130434782608,23,23,False,False,False,16
23,561733,10100010010010010001000,7,0,1,"[2, 3, 3, 3, 4, 4, 4]",2,4,0.30434782608695654,23,23,False,False,False,16
23,561737,10010010010010010001000,7,0,0,"[3, 3, 3, 3, 3, 4, 4]",3,4,0.30434782608695654,23,23,False,False,False,16
23,565829,10100010010001010001000,7,0,2,"[2, 2, 3, 4, 4, 4, 4]",2,4,0.30434782608695654,23,23,False,False,False,16
23,594501,10100010010010001001000,7,0,1,"[2, 3, 3, 3, 4, 4, 4]",2,4,0.30434782608695654,23,23,False,False,False,16
23,594505,10010010010010001001000,7,0,0,"[3, 3, 3, 3, 3, 4, 4]",3,4,0.30434782608695654,23,23,False,False,False,16
23,598601,10010010010001001001000,7,0,0,"[3, 3, 3, 3, 3, 4, 4]",3,4,0.30434782608695654,23,23,False,False,False,16
24,0,000000000000000000000000,0,0,0,[],,,0.0,1,2,False,False,False,16
24,9,100100000000000000000000,2,0,0,"[3, 21]",3,21,0.08333333333333333,24,24,False,True,False,16
24,17,100010000000000000000000,2,0,0,"[4, 20]",4,20,0.08333333333333333,24,24,False,True,False,16
24,585,100100100100000000000000,4,0,0,"[3, 3, 3, 15]",3,15,0.16666666666666666,24,24,False,False,False,16
24,1097,100100100010000000000000,4,0,0,"[3, 3, 4, 14]",3,14,0.16666666666666666,24,24,False,False,False,16
24,1105,100010100010000000000000,4,0,1,"[2, 4, 4, 14]",2,14,0.16666666666666666,24,24,False,False,False,16
24,1161,100100010010000000000000,4,0,0,"[3, 3, 4, 14]",3,14,0.16666666666666666,24,24,False,False,False,16
24,2185,100100010001000000000000,4,0,0,"[3, 4, 4, 13]",3,13,0.16666666666666666,24,24,False,False,False,16
24,2193,100010010001000000000000,4,0,0,"[3, 4, 4, 13]",3,13,0.16666666666666666,24,24,False,False,False,16
24,4369,100010001000100000000000,4,0,0,"[4, 4, 4, 12]",4,12,0.16666666666666666,24,24,False,False,False,16
24,8329,100100010000010000000000,4,0,0,"[3, 4, 6, 11]",3,11,0.16666666666666666,24,24,False,False,False,16
24,8337,100010010000010000000000,4,0,0,"[3, 4, 6, 11]",3,11,0.16666666666666666,24,24,False,False,False,16
24,8713,100100000100010000000000,4,0,0,"[3, 4, 6, 11]",3,11,0.16666666666666666,24,24,False,False,False,16
24,16457,100100100000001000000000,4,0,0,"[3, 3, 8, 10]",3,10,0.16666666666666666,24,24,False,False,False,16
24,16657,100010001000001000000000,4,0,0,"[4, 4, 6, 10]",4,10,0.16666666666666666,24,24,False,False,False,16
24,17417,100100000010001000000000,4,0,0,"[3, 4, 7, 10]",3,10,0.16666666666666666,24,24,False,False,False,16
24,17425,100010000010001000000000,4,0,0,"[4, 4, 6, 10]",4,10,0.16666666666666666,24,24,False,False,False,16
24,32905,100100010000000100000000,4,0,0,"[3, 4, 8, 9]",3,9,0.16666666666666666,24,24,False,False,False,16
24,32913,100010010000000100000000,4,0,0,"[3, 4, 8, 9]",3,9,0.16666666666666666,24,24,False,False,False,16
24,33041,100010001000000100000000,4,0,0,"[4, 4, 7, 9]",4,9,0.16666666666666666,24,24,False,False,False,16
24,34825,100100000001000100000000,4,0,0,"[3, 4, 8, 9]",3,9,0.16666666666666666,24,24,False,False,False,16
24,34833,100010000001000100000000,4,0,0,"[4, 4, 7, 9]",4,9,0.16666666666666666,24,24,False,False,False,16
24,65809,100010001000000010000000,4,0,0,"[4, 4, 8, 8]",4,8,0.16666666666666666,24,24,False,False,False,16
24,66577,100010000010000010000000,4,0,0,"[4, 6, 6, 8]",4,8,0.16666666666666666,24,24,False,False,False,16
24,66625,100000100010000010000000,4,0,0,"[4, 6, 6, 8]",4,8,0.16666666666666666,24,24,False,False,False,16
24,69649,100010000000100010000000,4,0,0,"[4, 4, 8, 8]",4,8,0.16666666666666666,12,12,False,False,False,16
24,37449,100100100100100100000000,6,0,0,"[3, 3, 3, 3, 3, 9]",3,9,0.25,24,24,False,False,False,16
24,70217,100100100100100010000000,6,0,0,"[3, 3, 3, 3, 4, 8]",3,8,0.25,24,24,False,False,False,16
24,70729,100100100010100010000000,6,0,1,"[2, 3, 3, 4, 4, 8]",2,8,0.25,24,24,False,False,False,16
24,74313,100100100100010010000000,6,0,0,"[3, 3, 3, 3, 4, 8]",3,8,0.25,24,24,False,False,False,16
24,74377,100100010100010010000000,6,0,1,"[2, 3, 3, 4, 4, 8]",2,8,0.25,24,24,False,False,False,16
24,74825,100100100010010010000000,6,0,0,"[3, 3, 3, 3, 4, 8]",3,8,0.25,24,24,False,False,False,16
24,139849,100100100100010001000000,6,0,0,"[3, 3, 3, 4, 4, 7]",3,7,0.25,24,24,False,False,False,16
24,139913,100100010100010001000000,6,0,1,"[2, 3, 4, 4, 4, 7]",2,7,0.25,24,24,False,False,False,16
24,140361,100100100010010001000000,6,0,0,"[3, 3, 3, 4, 4, 7]",3,7,0.25,24,24,False,False,False,16
24,140369,100010100010010001000000,6,0,1,"[2, 3, 4, 4, 4, 7]",2,7,0.25,24,24,False,False,False,16
24,140425,100100010010010001000000,6,0,0,"[3, 3, 3, 4, 4, 7]",3,7,0.25,24,24,False,False,False,16
24,140433,100010010010010001000000,6,0,0,"[3, 3, 3, 4, 4, 7]",3,7,0.25,24,24,False,False,False,16
24,141449,100100010001010001000000,6,0,1,"[2, 3, 4, 4, 4, 7]",2,7,0.25,24,24,False,False,False,16
24,148553,100100100010001001000000,6,0,0,"[3, 3, 3, 4, 4, 7]",3,7,0.25,24,24,False,False,False,16
24,148617,100100010010001001000000,6,0,0,"[3, 3, 3, 4, 4, 7]",3,7,0.25,24,24,False,False,False,16
24,279625,100100100010001000100000,6,0,0,"[3, 3, 4, 4, 4, 6]",3,6,0.25,24,24,False,False,False,16
24,279633,100010100010001000100000,6,0,1,"[2, 4, 4, 4, 4, 6]",2,6,0.25,24,24,False,False,False,16
24,279689,100100010010001000100000,6,0,0,"[3, 3, 4, 4, 4, 6]",3,6,0.25,24,24,False,False,False,16
24,279697,100010010010001000100000,6,0,0,"[3, 3, 4, 4, 4, 6]",3,6,0.25,24,24,False,False,False,16
24,279825,100010001010001000100000,6,0,1,"[2, 4, 4, 4, 4, 6]",2,6,0.25,24,24,False,False,False,16
24,280713,100100010001001000100000,6,0,0,"[3, 3, 4, 4, 4, 6]",3,6,0.25,24,24,False,False,False,16
24,280721,100010010001001000100000,6,0,0,"[3, 3, 4, 4, 4, 6]",3,6,0.25,24,24,False,False,False,16
24,297097,100100010001000100100000,6,0,0,"[3, 3, 4, 4, 4, 6]",3,6,0.25,24,24,False,False,False,16
24,559241,100100010001000100010000,6,0,0,"[3, 4, 4, 4, 4, 5]",3,5,0.25,24,24,False,False,False,16
24,559249,100010010001000100010000,6,0,0,"[3, 4, 4, 4, 4, 5]",3,5,0.25,24,24,False,False,False,16
24,559377,100010001001000100010000,6,0,0,"[3, 4, 4, 4, 4, 5]",3,5,0.25,24,24,False,False,False,16
24,1118481,100010001000100010001000,6,0,0,"[4, 4, 4, 4, 4, 4]",4,4,0.25,4,8,True,False,False,16
24,2396745,100100100100100100100100,8,0,0,"[3, 3, 3, 3, 3, 3, 3, 3]",3,3,0.3333333333333333,3,3,False,False,False,16
