period,Q_bits,primitive_Q_period,primitive_tau_period,gap_word,charge_word,defect_density,charge_density,R_squared,band_at_8,source,status
2,00,1,2,,,0.0,0.0,8.000000000000002,R_EQ_8_NUMERIC,reused exact p<=24 frontier,NUMERICAL_BLOCH_ATLAS
4,0000,1,2,,,0.0,0.0,8.000000000000005,R_EQ_8_NUMERIC,reused exact p<=24 frontier,NUMERICAL_BLOCH_ATLAS
6,000000,1,2,,,0.0,0.0,8.000000000000005,R_EQ_8_NUMERIC,reused exact p<=24 frontier,NUMERICAL_BLOCH_ATLAS
8,00000000,1,2,,,0.0,0.0,8.000000000000005,R_EQ_8_NUMERIC,reused exact p<=24 frontier,NUMERICAL_BLOCH_ATLAS
8,00010001,4,8,4 4,0 0,0.25,0.0,7.80422606518062,R_LT_8,reused exact p<=24 frontier,NUMERICAL_BLOCH_ATLAS
10,0000000000,1,2,,,0.0,0.0,7.999999999999998,R_EQ_8_NUMERIC,reused exact p<=24 frontier,NUMERICAL_BLOCH_ATLAS
10,0000010001,10,10,4 6,0 2,0.2,0.2,7.916381551744975,R_LT_8,reused exact p<=24 frontier,NUMERICAL_BLOCH_ATLAS
12,000000000000,1,2,,,0.0,0.0,8.000000000000005,R_EQ_8_NUMERIC,reused exact p<=24 frontier,NUMERICAL_BLOCH_ATLAS
12,000000010001,12,12,4 8,0 4,0.16666666666666666,0.3333333333333333,7.935544897091352,R_LT_8,reused exact p<=24 frontier,NUMERICAL_BLOCH_ATLAS
14,00000000000000,1,2,,,0.0,0.0,8.000000000000004,R_EQ_8_NUMERIC,reused exact p<=24 frontier,NUMERICAL_BLOCH_ATLAS
14,00000000010001,14,14,4 10,0 6,0.14285714285714285,0.42857142857142855,7.9634702194602855,R_LT_8,reused exact p<=24 frontier,NUMERICAL_BLOCH_ATLAS
14,00010010001001,7,14,3 4 3 4,-1 0 -1 0,0.2857142857142857,-0.14285714285714285,7.999999999999998,R_EQ_8_NUMERIC,reused exact p<=24 frontier,NUMERICAL_BLOCH_ATLAS
16,0000000000000000,1,2,,,0.0,0.0,8.00000000000001,R_EQ_8_NUMERIC,reused exact p<=24 frontier,NUMERICAL_BLOCH_ATLAS
16,0000000000010001,16,16,4 12,0 8,0.125,0.5,7.995510103071567,R_LT_8,reused exact p<=24 frontier,NUMERICAL_BLOCH_ATLAS
16,0001000100010001,4,8,4 4 4 4,0 0 0 0,0.25,0.0,7.804226065180615,R_LT_8,reused exact p<=24 frontier,NUMERICAL_BLOCH_ATLAS
17,10000000000000000,17,17,17,13,0.058823529411764705,0.7647058823529411,8.334280211176717,R_GT_8,reused exact p<=24 frontier,NUMERICAL_BLOCH_ATLAS
17,10001000100000000,17,17,4 4 9,0 0 5,0.17647058823529413,0.29411764705882354,8.258281990101977,R_GT_8,reused exact p<=24 frontier,NUMERICAL_BLOCH_ATLAS
17,10010001000000000,17,17,3 4 10,-1 0 6,0.17647058823529413,0.29411764705882354,8.139899309432042,R_GT_8,reused exact p<=24 frontier,NUMERICAL_BLOCH_ATLAS
17,10010010000000000,17,17,3 3 11,-1 -1 7,0.17647058823529413,0.29411764705882354,8.270734577613528,R_GT_8,reused exact p<=24 frontier,NUMERICAL_BLOCH_ATLAS
17,10010010001001000,17,17,3 3 4 3 4,-1 -1 0 -1 0,0.29411764705882354,-0.17647058823529413,8.052098453599836,R_GT_8,reused exact p<=24 frontier,NUMERICAL_BLOCH_ATLAS
17,10010010010001000,17,17,3 3 3 4 4,-1 -1 -1 0 0,0.29411764705882354,-0.17647058823529413,8.09739524355447,R_GT_8,reused exact p<=24 frontier,NUMERICAL_BLOCH_ATLAS
17,10100010010001000,17,17,2 4 3 4 4,-2 0 -1 0 0,0.29411764705882354,-0.17647058823529413,8.136083252851083,R_GT_8,reused exact p<=24 frontier,NUMERICAL_BLOCH_ATLAS
18,000000000000000000,1,2,,,0.0,0.0,7.999999999999998,R_EQ_8_NUMERIC,reused exact p<=24 frontier,NUMERICAL_BLOCH_ATLAS
18,100010000000000000,18,18,4 14,0 10,0.1111111111111111,0.5555555555555556,8.010804712050879,R_GT_8,reused exact p<=24 frontier,NUMERICAL_BLOCH_ATLAS
18,100010001000100000,18,18,4 4 4 6,0 0 0 2,0.2222222222222222,0.1111111111111111,7.924384897027763,R_LT_8,reused exact p<=24 frontier,NUMERICAL_BLOCH_ATLAS
18,100010010001000000,18,18,4 3 4 7,0 -1 0 3,0.2222222222222222,0.1111111111111111,8.198179878318484,R_GT_8,reused exact p<=24 frontier,NUMERICAL_BLOCH_ATLAS
18,100010100010000000,18,18,4 2 4 8,0 -2 0 4,0.2222222222222222,0.1111111111111111,8.11199004263806,R_GT_8,reused exact p<=24 frontier,NUMERICAL_BLOCH_ATLAS
18,100100000000000000,18,18,3 15,-1 11,0.1111111111111111,0.5555555555555556,8.322273830970683,R_GT_8,reused exact p<=24 frontier,NUMERICAL_BLOCH_ATLAS
18,100100010001000000,18,18,3 4 4 7,-1 0 0 3,0.2222222222222222,0.1111111111111111,8.282374824462522,R_GT_8,reused exact p<=24 frontier,NUMERICAL_BLOCH_ATLAS
18,100100010010000000,18,18,3 4 3 8,-1 0 -1 4,0.2222222222222222,0.1111111111111111,8.116827540114182,R_GT_8,reused exact p<=24 frontier,NUMERICAL_BLOCH_ATLAS
18,100100100010000000,18,18,3 3 4 8,-1 -1 0 4,0.2222222222222222,0.1111111111111111,8.140906035893767,R_GT_8,reused exact p<=24 frontier,NUMERICAL_BLOCH_ATLAS
18,100100100100100100,3,3,3 3 3 3 3 3,-1 -1 -1 -1 -1 -1,0.3333333333333333,-0.3333333333333333,8.116273860301355,R_GT_8,reused exact p<=24 frontier,NUMERICAL_BLOCH_ATLAS
19,1000000000000000000,19,19,19,15,0.05263157894736842,0.7894736842105263,8.313695100972547,R_GT_8,reused exact p<=24 frontier,NUMERICAL_BLOCH_ATLAS
19,1000100000010000000,19,19,4 7 8,0 3 4,0.15789473684210525,0.3684210526315789,8.274632714782392,R_GT_8,reused exact p<=24 frontier,NUMERICAL_BLOCH_ATLAS
19,1000100000100000000,19,19,4 6 9,0 2 5,0.15789473684210525,0.3684210526315789,8.261206423649195,R_GT_8,reused exact p<=24 frontier,NUMERICAL_BLOCH_ATLAS
19,1000100010000000000,19,19,4 4 11,0 0 7,0.15789473684210525,0.3684210526315789,8.219579207964518,R_GT_8,reused exact p<=24 frontier,NUMERICAL_BLOCH_ATLAS
19,1001000100000000000,19,19,3 4 12,-1 0 8,0.15789473684210525,0.3684210526315789,8.149545286149937,R_GT_8,reused exact p<=24 frontier,NUMERICAL_BLOCH_ATLAS
19,1001000100010001000,19,19,3 4 4 4 4,-1 0 0 0 0,0.2631578947368421,-0.05263157894736842,8.024712014204079,R_GT_8,reused exact p<=24 frontier,NUMERICAL_BLOCH_ATLAS
19,1001001000000000000,19,19,3 3 13,-1 -1 9,0.15789473684210525,0.3684210526315789,8.26389733161404,R_GT_8,reused exact p<=24 frontier,NUMERICAL_BLOCH_ATLAS
19,1001001000100100000,19,19,3 3 4 3 6,-1 -1 0 -1 2,0.2631578947368421,-0.05263157894736842,8.130988559981823,R_GT_8,reused exact p<=24 frontier,NUMERICAL_BLOCH_ATLAS
19,1001001001000100000,19,19,3 3 3 4 6,-1 -1 -1 0 2,0.2631578947368421,-0.05263157894736842,8.126001800794054,R_GT_8,reused exact p<=24 frontier,NUMERICAL_BLOCH_ATLAS
19,1001001001001000000,19,19,3 3 3 3 7,-1 -1 -1 -1 3,0.2631578947368421,-0.05263157894736842,8.302079522063925,R_GT_8,reused exact p<=24 frontier,NUMERICAL_BLOCH_ATLAS
20,00000000000000000000,1,2,,,0.0,0.0,8.000000000000005,R_EQ_8_NUMERIC,reused exact p<=24 frontier,NUMERICAL_BLOCH_ATLAS
20,10001000000000000000,20,20,4 16,0 12,0.1,0.6,8.023307692361815,R_GT_8,reused exact p<=24 frontier,NUMERICAL_BLOCH_ATLAS
20,10001000001000100000,10,10,4 6 4 6,0 2 0 2,0.2,0.2,7.916381551744975,R_LT_8,reused exact p<=24 frontier,NUMERICAL_BLOCH_ATLAS
20,10001000100000100000,20,20,4 4 6 6,0 0 2 2,0.2,0.2,8.076280966732854,R_GT_8,reused exact p<=24 frontier,NUMERICAL_BLOCH_ATLAS
20,10001000100010000000,20,20,4 4 4 8,0 0 0 4,0.2,0.2,7.930895693859757,R_LT_8,reused exact p<=24 frontier,NUMERICAL_BLOCH_ATLAS
20,10001001000100000000,20,20,4 3 4 9,0 -1 0 5,0.2,0.2,8.215509936011175,R_GT_8,reused exact p<=24 frontier,NUMERICAL_BLOCH_ATLAS
20,10001010001000000000,20,20,4 2 4 10,0 -2 0 6,0.2,0.2,8.12797546642945,R_GT_8,reused exact p<=24 frontier,NUMERICAL_BLOCH_ATLAS
20,10010000000000000000,20,20,3 17,-1 13,0.1,0.6,8.308355857715384,R_GT_8,reused exact p<=24 frontier,NUMERICAL_BLOCH_ATLAS
20,10010000010001000000,20,20,3 6 4 7,-1 2 0 3,0.2,0.2,8.263493283841093,R_GT_8,reused exact p<=24 frontier,NUMERICAL_BLOCH_ATLAS
20,10010001000100000000,20,20,3 4 4 9,-1 0 0 5,0.2,0.2,8.296122140272104,R_GT_8,reused exact p<=24 frontier,NUMERICAL_BLOCH_ATLAS
20,10010001001000000000,20,20,3 4 3 10,-1 0 -1 6,0.2,0.2,8.138652440587544,R_GT_8,reused exact p<=24 frontier,NUMERICAL_BLOCH_ATLAS
20,10010010001000000000,20,20,3 3 4 10,-1 -1 0 6,0.2,0.2,8.151862512179973,R_GT_8,reused exact p<=24 frontier,NUMERICAL_BLOCH_ATLAS
20,10010010001001001000,10,20,3 3 4 3 3 4,-1 -1 0 -1 -1 0,0.3,-0.2,8.03384239038504,R_GT_8,reused exact p<=24 frontier,NUMERICAL_BLOCH_ATLAS
20,10010010010000000000,20,20,3 3 3 11,-1 -1 -1 7,0.2,0.2,8.271229488897696,R_GT_8,reused exact p<=24 frontier,NUMERICAL_BLOCH_ATLAS
20,10010010010001001000,20,20,3 3 3 4 3 4,-1 -1 -1 0 -1 0,0.3,-0.2,8.060469345868146,R_GT_8,reused exact p<=24 frontier,NUMERICAL_BLOCH_ATLAS
20,10010010010010001000,20,20,3 3 3 3 4 4,-1 -1 -1 -1 0 0,0.3,-0.2,8.080676422945256,R_GT_8,reused exact p<=24 frontier,NUMERICAL_BLOCH_ATLAS
20,10100010001010001000,10,20,2 4 4 2 4 4,-2 0 0 -2 0 0,0.3,-0.2,8.123105622990614,R_GT_8,reused exact p<=24 frontier,NUMERICAL_BLOCH_ATLAS
20,10100010010001001000,20,20,2 4 3 4 3 4,-2 0 -1 0 -1 0,0.3,-0.2,8.099609511235377,R_GT_8,reused exact p<=24 frontier,NUMERICAL_BLOCH_ATLAS
20,10100010010010001000,20,20,2 4 3 3 4 4,-2 0 -1 -1 0 0,0.3,-0.2,8.115504656789836,R_GT_8,reused exact p<=24 frontier,NUMERICAL_BLOCH_ATLAS
21,100000000000000000000,21,21,21,17,0.047619047619047616,0.8095238095238095,8.297961071393901,R_GT_8,reused exact p<=24 frontier,NUMERICAL_BLOCH_ATLAS
21,100010000000100000000,21,21,4 8 9,0 4 5,0.14285714285714285,0.42857142857142855,8.282368385068201,R_GT_8,reused exact p<=24 frontier,NUMERICAL_BLOCH_ATLAS
21,100010000010000000000,21,21,4 6 11,0 2 7,0.14285714285714285,0.42857142857142855,8.226441957259054,R_GT_8,reused exact p<=24 frontier,NUMERICAL_BLOCH_ATLAS
21,100010001000000000000,21,21,4 4 13,0 0 9,0.14285714285714285,0.42857142857142855,8.20530818765613,R_GT_8,reused exact p<=24 frontier,NUMERICAL_BLOCH_ATLAS
21,100010001000100010000,21,21,4 4 4 4 5,0 0 0 0 1,0.23809523809523808,0.047619047619047616,8.335598711700186,R_GT_8,reused exact p<=24 frontier,NUMERICAL_BLOCH_ATLAS
21,100010010001000100000,21,21,4 3 4 4 6,0 -1 0 0 2,0.23809523809523808,0.047619047619047616,8.013292993613877,R_GT_8,reused exact p<=24 frontier,NUMERICAL_BLOCH_ATLAS
21,100010010010001000000,21,21,4 3 3 4 7,0 -1 -1 0 3,0.23809523809523808,0.047619047619047616,8.16461047122667,R_GT_8,reused exact p<=24 frontier,NUMERICAL_BLOCH_ATLAS
21,100010100010001000000,21,21,4 2 4 4 7,0 -2 0 0 3,0.23809523809523808,0.047619047619047616,8.243429758604538,R_GT_8,reused exact p<=24 frontier,NUMERICAL_BLOCH_ATLAS
21,100100010000000000000,21,21,3 4 14,-1 0 10,0.14285714285714285,0.42857142857142855,8.15316654276425,R_GT_8,reused exact p<=24 frontier,NUMERICAL_BLOCH_ATLAS
21,100100010001000100000,21,21,3 4 4 4 6,-1 0 0 0 2,0.23809523809523808,0.047619047619047616,8.10016401907098,R_GT_8,reused exact p<=24 frontier,NUMERICAL_BLOCH_ATLAS
21,100100010001001000000,21,21,3 4 4 3 7,-1 0 0 -1 3,0.23809523809523808,0.047619047619047616,8.29594099796269,R_GT_8,reused exact p<=24 frontier,NUMERICAL_BLOCH_ATLAS
21,100100010010001000000,21,21,3 4 3 4 7,-1 0 -1 0 3,0.23809523809523808,0.047619047619047616,8.235795715866493,R_GT_8,reused exact p<=24 frontier,NUMERICAL_BLOCH_ATLAS
21,100100010100010000000,21,21,3 4 2 4 8,-1 0 -2 0 4,0.23809523809523808,0.047619047619047616,8.159392265031116,R_GT_8,reused exact p<=24 frontier,NUMERICAL_BLOCH_ATLAS
21,100100100000000000000,21,21,3 3 15,-1 -1 11,0.14285714285714285,0.42857142857142855,8.249599081266856,R_GT_8,reused exact p<=24 frontier,NUMERICAL_BLOCH_ATLAS
21,100100100010001000000,21,21,3 3 4 4 7,-1 -1 0 0 3,0.23809523809523808,0.047619047619047616,8.250017194908763,R_GT_8,reused exact p<=24 frontier,NUMERICAL_BLOCH_ATLAS
21,100100100010010000000,21,21,3 3 4 3 8,-1 -1 0 -1 4,0.23809523809523808,0.047619047619047616,8.12165855363242,R_GT_8,reused exact p<=24 frontier,NUMERICAL_BLOCH_ATLAS
21,100100100100010000000,21,21,3 3 3 4 8,-1 -1 -1 0 4,0.23809523809523808,0.047619047619047616,8.123624978125259,R_GT_8,reused exact p<=24 frontier,NUMERICAL_BLOCH_ATLAS
21,100100100100100000000,21,21,3 3 3 3 9,-1 -1 -1 -1 5,0.23809523809523808,0.047619047619047616,8.320967697595293,R_GT_8,reused exact p<=24 frontier,NUMERICAL_BLOCH_ATLAS
21,100100100100100100100,3,3,3 3 3 3 3 3 3,-1 -1 -1 -1 -1 -1 -1,0.3333333333333333,-0.3333333333333333,8.116273825036725,R_GT_8,reused exact p<=24 frontier,NUMERICAL_BLOCH_ATLAS
22,0000000000000000000000,1,2,,,0.0,0.0,8.000000000000009,R_EQ_8_NUMERIC,reused exact p<=24 frontier,NUMERICAL_BLOCH_ATLAS
22,1000100000000000000000,22,22,4 18,0 14,0.09090909090909091,0.6363636363636364,8.031165732719613,R_GT_8,reused exact p<=24 frontier,NUMERICAL_BLOCH_ATLAS
22,1000100000010001000000,11,22,4 7 4 7,0 3 0 3,0.18181818181818182,0.2727272727272727,8.15855968665994,R_GT_8,reused exact p<=24 frontier,NUMERICAL_BLOCH_ATLAS
22,1000100000100000100000,22,22,4 6 6 6,0 2 2 2,0.18181818181818182,0.2727272727272727,8.12050544890077,R_GT_8,reused exact p<=24 frontier,NUMERICAL_BLOCH_ATLAS
22,1000100000100010000000,22,22,4 6 4 8,0 2 0 4,0.18181818181818182,0.2727272727272727,7.920278066492822,R_LT_8,reused exact p<=24 frontier,NUMERICAL_BLOCH_ATLAS
22,1000100010000001000000,22,22,4 4 7 7,0 0 3 3,0.18181818181818182,0.2727272727272727,8.37933288603069,R_GT_8,reused exact p<=24 frontier,NUMERICAL_BLOCH_ATLAS
22,1000100010000010000000,22,22,4 4 6 8,0 0 2 4,0.18181818181818182,0.2727272727272727,8.089640487091543,R_GT_8,reused exact p<=24 frontier,NUMERICAL_BLOCH_ATLAS
22,1000100010001000000000,22,22,4 4 4 10,0 0 0 6,0.18181818181818182,0.2727272727272727,7.979685148636703,R_LT_8,reused exact p<=24 frontier,NUMERICAL_BLOCH_ATLAS
22,1000100100000010000000,22,22,4 3 7 8,0 -1 3 4,0.18181818181818182,0.2727272727272727,8.31070053649499,R_GT_8,reused exact p<=24 frontier,NUMERICAL_BLOCH_ATLAS
22,1000100100010000000000,22,22,4 3 4 11,0 -1 0 7,0.18181818181818182,0.2727272727272727,8.180641299260264,R_GT_8,reused exact p<=24 frontier,NUMERICAL_BLOCH_ATLAS
22,1000101000100000000000,22,22,4 2 4 12,0 -2 0 8,0.18181818181818182,0.2727272727272727,8.126030150718274,R_GT_8,reused exact p<=24 frontier,NUMERICAL_BLOCH_ATLAS
22,1001000000000000000000,22,22,3 19,-1 15,0.09090909090909091,0.6363636363636364,8.295639429031684,R_GT_8,reused exact p<=24 frontier,NUMERICAL_BLOCH_ATLAS
22,1001000000010010000000,11,22,3 8 3 8,-1 4 -1 4,0.18181818181818182,0.2727272727272727,8.20533107642001,R_GT_8,reused exact p<=24 frontier,NUMERICAL_BLOCH_ATLAS
22,1001000000100010000000,22,22,3 7 4 8,-1 3 0 4,0.18181818181818182,0.2727272727272727,8.273947912305644,R_GT_8,reused exact p<=24 frontier,NUMERICAL_BLOCH_ATLAS
22,1001000001000100000000,22,22,3 6 4 9,-1 2 0 5,0.18181818181818182,0.2727272727272727,8.282341639117465,R_GT_8,reused exact p<=24 frontier,NUMERICAL_BLOCH_ATLAS
22,1001000100000010000000,22,22,3 4 7 8,-1 0 3 4,0.18181818181818182,0.2727272727272727,8.27991184103494,R_GT_8,reused exact p<=24 frontier,NUMERICAL_BLOCH_ATLAS
22,1001000100000100000000,22,22,3 4 6 9,-1 0 2 5,0.18181818181818182,0.2727272727272727,8.315541483417768,R_GT_8,reused exact p<=24 frontier,NUMERICAL_BLOCH_ATLAS
22,1001000100010000000000,22,22,3 4 4 11,-1 0 0 7,0.18181818181818182,0.2727272727272727,8.25968861571758,R_GT_8,reused exact p<=24 frontier,NUMERICAL_BLOCH_ATLAS
22,1001000100010010001000,11,11,3 4 4 3 4 4,-1 0 0 -1 0 0,0.2727272727272727,-0.09090909090909091,8.094596817399403,R_GT_8,reused exact p<=24 frontier,NUMERICAL_BLOCH_ATLAS
22,1001000100100000000000,22,22,3 4 3 12,-1 0 -1 8,0.18181818181818182,0.2727272727272727,8.142707486462982,R_GT_8,reused exact p<=24 frontier,NUMERICAL_BLOCH_ATLAS
22,1001000100100010001000,22,22,3 4 3 4 4 4,-1 0 -1 0 0 0,0.2727272727272727,-0.09090909090909091,7.995036411262819,R_LT_8,reused exact p<=24 frontier,NUMERICAL_BLOCH_ATLAS
22,1001001000000010000000,22,22,3 3 8 8,-1 -1 4 4,0.18181818181818182,0.2727272727272727,8.151388213899063,R_GT_8,reused exact p<=24 frontier,NUMERICAL_BLOCH_ATLAS
22,1001001000100000000000,22,22,3 3 4 12,-1 -1 0 8,0.18181818181818182,0.2727272727272727,8.157285102053066,R_GT_8,reused exact p<=24 frontier,NUMERICAL_BLOCH_ATLAS
22,1001001000100010001000,22,22,3 3 4 4 4 4,-1 -1 0 0 0 0,0.2727272727272727,-0.09090909090909091,8.074891023531967,R_GT_8,reused exact p<=24 frontier,NUMERICAL_BLOCH_ATLAS
22,1001001000100100100000,22,22,3 3 4 3 3 6,-1 -1 0 -1 -1 2,0.2727272727272727,-0.09090909090909091,8.133808461163389,R_GT_8,reused exact p<=24 frontier,NUMERICAL_BLOCH_ATLAS
22,1001001000101000100000,22,22,3 3 4 2 4 6,-1 -1 0 -2 0 2,0.2727272727272727,-0.09090909090909091,8.1712577611726,R_GT_8,reused exact p<=24 frontier,NUMERICAL_BLOCH_ATLAS
22,1001001001000000000000,22,22,3 3 3 13,-1 -1 -1 9,0.18181818181818182,0.2727272727272727,8.257212068051873,R_GT_8,reused exact p<=24 frontier,NUMERICAL_BLOCH_ATLAS
22,1001001001000100100000,22,22,3 3 3 4 3 6,-1 -1 -1 0 -1 2,0.2727272727272727,-0.09090909090909091,8.1337449768805,R_GT_8,reused exact p<=24 frontier,NUMERICAL_BLOCH_ATLAS
22,1001001001001000100000,22,22,3 3 3 3 4 6,-1 -1 -1 -1 0 2,0.2727272727272727,-0.09090909090909091,8.116972654716426,R_GT_8,reused exact p<=24 frontier,NUMERICAL_BLOCH_ATLAS
22,1001001001001001000000,22,22,3 3 3 3 3 7,-1 -1 -1 -1 -1 3,0.2727272727272727,-0.09090909090909091,8.281519547886445,R_GT_8,reused exact p<=24 frontier,NUMERICAL_BLOCH_ATLAS
22,1010001000100010001000,22,22,2 4 4 4 4 4,-2 0 0 0 0 0,0.2727272727272727,-0.09090909090909091,8.096194714147915,R_GT_8,reused exact p<=24 frontier,NUMERICAL_BLOCH_ATLAS
23,10000000000000000000000,23,23,23,19,0.043478260869565216,0.8260869565217391,8.285155121633222,R_GT_8,reused exact p<=24 frontier,NUMERICAL_BLOCH_ATLAS
23,10001000000001000000000,23,23,4 9 10,0 5 6,0.13043478260869565,0.4782608695652174,8.286496029297375,R_GT_8,reused exact p<=24 frontier,NUMERICAL_BLOCH_ATLAS
23,10001000000010000000000,23,23,4 8 11,0 4 7,0.13043478260869565,0.4782608695652174,8.247404093880759,R_GT_8,reused exact p<=24 frontier,NUMERICAL_BLOCH_ATLAS
23,10001000000100000000000,23,23,4 7 12,0 3 8,0.13043478260869565,0.4782608695652174,8.286409056235081,R_GT_8,reused exact p<=24 frontier,NUMERICAL_BLOCH_ATLAS
23,10001000001000000000000,23,23,4 6 13,0 2 9,0.13043478260869565,0.4782608695652174,8.216220572036471,R_GT_8,reused exact p<=24 frontier,NUMERICAL_BLOCH_ATLAS
23,10001000100000000000000,23,23,4 4 15,0 0 11,0.13043478260869565,0.4782608695652174,8.188437009499063,R_GT_8,reused exact p<=24 frontier,NUMERICAL_BLOCH_ATLAS
23,10001000100010001000000,23,23,4 4 4 4 7,0 0 0 0 3,0.21739130434782608,0.13043478260869565,8.18559260403076,R_GT_8,reused exact p<=24 frontier,NUMERICAL_BLOCH_ATLAS
23,10001001000100000100000,23,23,4 3 4 6 6,0 -1 0 2 2,0.21739130434782608,0.13043478260869565,8.068296805301951,R_GT_8,reused exact p<=24 frontier,NUMERICAL_BLOCH_ATLAS
23,10001001000100010000000,23,23,4 3 4 4 8,0 -1 0 0 4,0.21739130434782608,0.13043478260869565,8.037993850893503,R_GT_8,reused exact p<=24 frontier,NUMERICAL_BLOCH_ATLAS
23,10001001001000100000000,23,23,4 3 3 4 9,0 -1 -1 0 5,0.21739130434782608,0.13043478260869565,8.184682525554969,R_GT_8,reused exact p<=24 frontier,NUMERICAL_BLOCH_ATLAS
23,10001010001000100000000,23,23,4 2 4 4 9,0 -2 0 0 5,0.21739130434782608,0.13043478260869565,8.25497043912379,R_GT_8,reused exact p<=24 frontier,NUMERICAL_BLOCH_ATLAS
23,10010000010001000100000,23,23,3 6 4 4 6,-1 2 0 0 2,0.21739130434782608,0.13043478260869565,8.175136530582773,R_GT_8,reused exact p<=24 frontier,NUMERICAL_BLOCH_ATLAS
23,10010001000000000000000,23,23,3 4 16,-1 0 12,0.13043478260869565,0.4782608695652174,8.155882876883876,R_GT_8,reused exact p<=24 frontier,NUMERICAL_BLOCH_ATLAS
23,10010001000001000100000,23,23,3 4 6 4 6,-1 0 2 0 2,0.21739130434782608,0.13043478260869565,8.080637445062782,R_GT_8,reused exact p<=24 frontier,NUMERICAL_BLOCH_ATLAS
23,10010001000001001000000,23,23,3 4 6 3 7,-1 0 2 -1 3,0.21739130434782608,0.13043478260869565,8.296106206032995,R_GT_8,reused exact p<=24 frontier,NUMERICAL_BLOCH_ATLAS
23,10010001000100000100000,23,23,3 4 4 6 6,-1 0 0 2 2,0.21739130434782608,0.13043478260869565,8.171319255547127,R_GT_8,reused exact p<=24 frontier,NUMERICAL_BLOCH_ATLAS
23,10010001000100010000000,23,23,3 4 4 4 8,-1 0 0 0 4,0.21739130434782608,0.13043478260869565,8.101547835583455,R_GT_8,reused exact p<=24 frontier,NUMERICAL_BLOCH_ATLAS
23,10010001000100100000000,23,23,3 4 4 3 9,-1 0 0 -1 5,0.21739130434782608,0.13043478260869565,8.315786246126505,R_GT_8,reused exact p<=24 frontier,NUMERICAL_BLOCH_ATLAS
23,10010001001000100000000,23,23,3 4 3 4 9,-1 0 -1 0 5,0.21739130434782608,0.13043478260869565,8.253555786781678,R_GT_8,reused exact p<=24 frontier,NUMERICAL_BLOCH_ATLAS
23,10010001010001000000000,23,23,3 4 2 4 10,-1 0 -2 0 6,0.21739130434782608,0.13043478260869565,8.16998024949413,R_GT_8,reused exact p<=24 frontier,NUMERICAL_BLOCH_ATLAS
23,10010010000000000000000,23,23,3 3 17,-1 -1 13,0.13043478260869565,0.4782608695652174,8.241212158846247,R_GT_8,reused exact p<=24 frontier,NUMERICAL_BLOCH_ATLAS
23,10010010000010001000000,23,23,3 3 6 4 7,-1 -1 2 0 3,0.21739130434782608,0.13043478260869565,8.229463643057187,R_GT_8,reused exact p<=24 frontier,NUMERICAL_BLOCH_ATLAS
23,10010010001000001000000,23,23,3 3 4 6 7,-1 -1 0 2 3,0.21739130434782608,0.13043478260869565,8.2978099119322,R_GT_8,reused exact p<=24 frontier,NUMERICAL_BLOCH_ATLAS
23,10010010001000100000000,23,23,3 3 4 4 9,-1 -1 0 0 5,0.21739130434782608,0.13043478260869565,8.26649868046582,R_GT_8,reused exact p<=24 frontier,NUMERICAL_BLOCH_ATLAS
23,10010010001001000000000,23,23,3 3 4 3 10,-1 -1 0 -1 6,0.21739130434782608,0.13043478260869565,8.13919382891553,R_GT_8,reused exact p<=24 frontier,NUMERICAL_BLOCH_ATLAS
23,10010010010000010000000,23,23,3 3 3 6 8,-1 -1 -1 2 4,0.21739130434782608,0.13043478260869565,8.18054320437012,R_GT_8,reused exact p<=24 frontier,NUMERICAL_BLOCH_ATLAS
23,10010010010001000000000,23,23,3 3 3 4 10,-1 -1 -1 0 6,0.21739130434782608,0.13043478260869565,8.139093152575683,R_GT_8,reused exact p<=24 frontier,NUMERICAL_BLOCH_ATLAS
23,10010010010001001001000,23,23,3 3 3 4 3 3 4,-1 -1 -1 0 -1 -1 0,0.30434782608695654,-0.21739130434782608,8.052676341192168,R_GT_8,reused exact p<=24 frontier,NUMERICAL_BLOCH_ATLAS
23,10010010010010000000000,23,23,3 3 3 3 11,-1 -1 -1 -1 7,0.21739130434782608,0.13043478260869565,8.282350699022963,R_GT_8,reused exact p<=24 frontier,NUMERICAL_BLOCH_ATLAS
23,10010010010010001001000,23,23,3 3 3 3 4 3 4,-1 -1 -1 -1 0 -1 0,0.30434782608695654,-0.21739130434782608,8.05713865307981,R_GT_8,reused exact p<=24 frontier,NUMERICAL_BLOCH_ATLAS
23,10010010010010010001000,23,23,3 3 3 3 3 4 4,-1 -1 -1 -1 -1 0 0,0.30434782608695654,-0.21739130434782608,8.111627166494948,R_GT_8,reused exact p<=24 frontier,NUMERICAL_BLOCH_ATLAS
23,10100010010001010001000,23,23,2 4 3 4 2 4 4,-2 0 -1 0 -2 0 0,0.30434782608695654,-0.21739130434782608,8.14503947774925,R_GT_8,reused exact p<=24 frontier,NUMERICAL_BLOCH_ATLAS
23,10100010010010001001000,23,23,2 4 3 3 4 3 4,-2 0 -1 -1 0 -1 0,0.30434782608695654,-0.21739130434782608,8.098737643012608,R_GT_8,reused exact p<=24 frontier,NUMERICAL_BLOCH_ATLAS
23,10100010010010010001000,23,23,2 4 3 3 3 4 4,-2 0 -1 -1 -1 0 0,0.30434782608695654,-0.21739130434782608,8.137166632938266,R_GT_8,reused exact p<=24 frontier,NUMERICAL_BLOCH_ATLAS
24,000000000000000000000000,1,2,,,0.0,0.0,8.000000000000005,R_EQ_8_NUMERIC,reused exact p<=24 frontier,NUMERICAL_BLOCH_ATLAS
24,100000100010000010000000,24,24,6 4 6 8,2 0 2 4,0.16666666666666666,0.3333333333333333,8.098092646041849,R_GT_8,reused exact p<=24 frontier,NUMERICAL_BLOCH_ATLAS
24,100010000000000000000000,24,24,4 20,0 16,0.08333333333333333,0.6666666666666666,8.037053649242514,R_GT_8,reused exact p<=24 frontier,NUMERICAL_BLOCH_ATLAS
24,100010000000100010000000,12,12,4 8 4 8,0 4 0 4,0.16666666666666666,0.3333333333333333,7.935544897091364,R_LT_8,reused exact p<=24 frontier,NUMERICAL_BLOCH_ATLAS
24,100010000001000100000000,24,24,4 7 4 9,0 3 0 5,0.16666666666666666,0.3333333333333333,8.177182444133793,R_GT_8,reused exact p<=24 frontier,NUMERICAL_BLOCH_ATLAS
24,100010000010000010000000,24,24,4 6 6 8,0 2 2 4,0.16666666666666666,0.3333333333333333,8.13513745285145,R_GT_8,reused exact p<=24 frontier,NUMERICAL_BLOCH_ATLAS
24,100010000010001000000000,24,24,4 6 4 10,0 2 0 6,0.16666666666666666,0.3333333333333333,7.959268370879093,R_LT_8,reused exact p<=24 frontier,NUMERICAL_BLOCH_ATLAS
24,100010001000000010000000,24,24,4 4 8 8,0 0 4 4,0.16666666666666666,0.3333333333333333,8.098509194563047,R_GT_8,reused exact p<=24 frontier,NUMERICAL_BLOCH_ATLAS
24,100010001000000100000000,24,24,4 4 7 9,0 0 3 5,0.16666666666666666,0.3333333333333333,8.382931672595543,R_GT_8,reused exact p<=24 frontier,NUMERICAL_BLOCH_ATLAS
24,100010001000001000000000,24,24,4 4 6 10,0 0 2 6,0.16666666666666666,0.3333333333333333,8.123526257962531,R_GT_8,reused exact p<=24 frontier,NUMERICAL_BLOCH_ATLAS
24,100010001000100000000000,24,24,4 4 4 12,0 0 0 8,0.16666666666666666,0.3333333333333333,7.999454733124544,R_LT_8,reused exact p<=24 frontier,NUMERICAL_BLOCH_ATLAS
24,100010001000100010001000,4,8,4 4 4 4 4 4,0 0 0 0 0 0,0.25,0.0,7.804226065180615,R_LT_8,reused exact p<=24 frontier,NUMERICAL_BLOCH_ATLAS
24,100010001001000100010000,24,24,4 4 3 4 4 5,0 0 -1 0 0 1,0.25,0.0,8.347403540695549,R_GT_8,reused exact p<=24 frontier,NUMERICAL_BLOCH_ATLAS
24,100010001010001000100000,24,24,4 4 2 4 4 6,0 0 -2 0 0 2,0.25,0.0,8.099019610053064,R_GT_8,reused exact p<=24 frontier,NUMERICAL_BLOCH_ATLAS
24,100010010000000100000000,24,24,4 3 8 9,0 -1 4 5,0.16666666666666666,0.3333333333333333,8.291291137439499,R_GT_8,reused exact p<=24 frontier,NUMERICAL_BLOCH_ATLAS
24,100010010000010000000000,24,24,4 3 6 11,0 -1 2 7,0.16666666666666666,0.3333333333333333,8.270488708615323,R_GT_8,reused exact p<=24 frontier,NUMERICAL_BLOCH_ATLAS
24,100010010001000000000000,24,24,4 3 4 13,0 -1 0 9,0.16666666666666666,0.3333333333333333,8.170371293212687,R_GT_8,reused exact p<=24 frontier,NUMERICAL_BLOCH_ATLAS
24,100010010001000100010000,24,24,4 3 4 4 4 5,0 -1 0 0 0 1,0.25,0.0,8.327777418861894,R_GT_8,reused exact p<=24 frontier,NUMERICAL_BLOCH_ATLAS
24,100010010001001000100000,24,24,4 3 4 3 4 6,0 -1 0 -1 0 2,0.25,0.0,7.974984681167098,R_LT_8,reused exact p<=24 frontier,NUMERICAL_BLOCH_ATLAS
24,100010010010001000100000,24,24,4 3 3 4 4 6,0 -1 -1 0 0 2,0.25,0.0,8.071073056264806,R_GT_8,reused exact p<=24 frontier,NUMERICAL_BLOCH_ATLAS
24,100010010010010001000000,24,24,4 3 3 3 4 7,0 -1 -1 -1 0 3,0.25,0.0,8.169566903745022,R_GT_8,reused exact p<=24 frontier,NUMERICAL_BLOCH_ATLAS
24,100010100010000000000000,24,24,4 2 4 14,0 -2 0 10,0.16666666666666666,0.3333333333333333,8.133281700018589,R_GT_8,reused exact p<=24 frontier,NUMERICAL_BLOCH_ATLAS
24,100010100010001000100000,24,24,4 2 4 4 4 6,0 -2 0 0 0 2,0.25,0.0,8.12076134877798,R_GT_8,reused exact p<=24 frontier,NUMERICAL_BLOCH_ATLAS
24,100010100010010001000000,24,24,4 2 4 3 4 7,0 -2 0 -1 0 3,0.25,0.0,8.228953764438623,R_GT_8,reused exact p<=24 frontier,NUMERICAL_BLOCH_ATLAS
24,100100000000000000000000,24,24,3 21,-1 17,0.08333333333333333,0.6666666666666666,8.285959556958465,R_GT_8,reused exact p<=24 frontier,NUMERICAL_BLOCH_ATLAS
24,100100000001000100000000,24,24,3 8 4 9,-1 4 0 5,0.16666666666666666,0.3333333333333333,8.287396880978552,R_GT_8,reused exact p<=24 frontier,NUMERICAL_BLOCH_ATLAS
24,100100000010001000000000,24,24,3 7 4 10,-1 3 0 6,0.16666666666666666,0.3333333333333333,8.272845362936676,R_GT_8,reused exact p<=24 frontier,NUMERICAL_BLOCH_ATLAS
24,100100000100010000000000,24,24,3 6 4 11,-1 2 0 7,0.16666666666666666,0.3333333333333333,8.252523950403837,R_GT_8,reused exact p<=24 frontier,NUMERICAL_BLOCH_ATLAS
24,100100010000000100000000,24,24,3 4 8 9,-1 0 4 5,0.16666666666666666,0.3333333333333333,8.323028973307954,R_GT_8,reused exact p<=24 frontier,NUMERICAL_BLOCH_ATLAS
24,100100010000010000000000,24,24,3 4 6 11,-1 0 2 7,0.16666666666666666,0.3333333333333333,8.275466120115512,R_GT_8,reused exact p<=24 frontier,NUMERICAL_BLOCH_ATLAS
24,100100010001000000000000,24,24,3 4 4 13,-1 0 0 9,0.16666666666666666,0.3333333333333333,8.248078863898652,R_GT_8,reused exact p<=24 frontier,NUMERICAL_BLOCH_ATLAS
24,100100010001000100010000,24,24,3 4 4 4 4 5,-1 0 0 0 0 1,0.25,0.0,8.394309764202823,R_GT_8,reused exact p<=24 frontier,NUMERICAL_BLOCH_ATLAS
24,100100010001000100100000,24,24,3 4 4 4 3 6,-1 0 0 0 -1 2,0.25,0.0,8.133827555619321,R_GT_8,reused exact p<=24 frontier,NUMERICAL_BLOCH_ATLAS
24,100100010001001000100000,24,24,3 4 4 3 4 6,-1 0 0 -1 0 2,0.25,0.0,8.113180226460225,R_GT_8,reused exact p<=24 frontier,NUMERICAL_BLOCH_ATLAS
24,100100010001010001000000,24,24,3 4 4 2 4 7,-1 0 0 -2 0 3,0.25,0.0,8.273082943616181,R_GT_8,reused exact p<=24 frontier,NUMERICAL_BLOCH_ATLAS
24,100100010010000000000000,24,24,3 4 3 14,-1 0 -1 10,0.16666666666666666,0.3333333333333333,8.14815792029944,R_GT_8,reused exact p<=24 frontier,NUMERICAL_BLOCH_ATLAS
24,100100010010001000100000,24,24,3 4 3 4 4 6,-1 0 -1 0 0 2,0.25,0.0,8.081215725868415,R_GT_8,reused exact p<=24 frontier,NUMERICAL_BLOCH_ATLAS
24,100100010010001001000000,24,24,3 4 3 4 3 7,-1 0 -1 0 -1 3,0.25,0.0,8.265382190590703,R_GT_8,reused exact p<=24 frontier,NUMERICAL_BLOCH_ATLAS
24,100100010010010001000000,24,24,3 4 3 3 4 7,-1 0 -1 -1 0 3,0.25,0.0,8.221187756958379,R_GT_8,reused exact p<=24 frontier,NUMERICAL_BLOCH_ATLAS
24,100100010100010001000000,24,24,3 4 2 4 4 7,-1 0 -2 0 0 3,0.25,0.0,8.23392125392896,R_GT_8,reused exact p<=24 frontier,NUMERICAL_BLOCH_ATLAS
24,100100010100010010000000,24,24,3 4 2 4 3 8,-1 0 -2 0 -1 4,0.25,0.0,8.145221682174963,R_GT_8,reused exact p<=24 frontier,NUMERICAL_BLOCH_ATLAS
24,100100100000001000000000,24,24,3 3 8 10,-1 -1 4 6,0.16666666666666666,0.3333333333333333,8.178570534051573,R_GT_8,reused exact p<=24 frontier,NUMERICAL_BLOCH_ATLAS
24,100100100010000000000000,24,24,3 3 4 14,-1 -1 0 10,0.16666666666666666,0.3333333333333333,8.160865426538852,R_GT_8,reused exact p<=24 frontier,NUMERICAL_BLOCH_ATLAS
24,100100100010001000100000,24,24,3 3 4 4 4 6,-1 -1 0 0 0 2,0.25,0.0,8.118479973746968,R_GT_8,reused exact p<=24 frontier,NUMERICAL_BLOCH_ATLAS
24,100100100010001001000000,24,24,3 3 4 4 3 7,-1 -1 0 0 -1 3,0.25,0.0,8.271170219857815,R_GT_8,reused exact p<=24 frontier,NUMERICAL_BLOCH_ATLAS
24,100100100010010001000000,24,24,3 3 4 3 4 7,-1 -1 0 -1 0 3,0.25,0.0,8.222975019597163,R_GT_8,reused exact p<=24 frontier,NUMERICAL_BLOCH_ATLAS
24,100100100010010010000000,24,24,3 3 4 3 3 8,-1 -1 0 -1 -1 4,0.25,0.0,8.117682318287637,R_GT_8,reused exact p<=24 frontier,NUMERICAL_BLOCH_ATLAS
24,100100100010100010000000,24,24,3 3 4 2 4 8,-1 -1 0 -2 0 4,0.25,0.0,8.142766789524618,R_GT_8,reused exact p<=24 frontier,NUMERICAL_BLOCH_ATLAS
24,100100100100000000000000,24,24,3 3 3 15,-1 -1 -1 11,0.16666666666666666,0.3333333333333333,8.23942492816417,R_GT_8,reused exact p<=24 frontier,NUMERICAL_BLOCH_ATLAS
24,100100100100010001000000,24,24,3 3 3 4 4 7,-1 -1 -1 0 0 3,0.25,0.0,8.23182069547415,R_GT_8,reused exact p<=24 frontier,NUMERICAL_BLOCH_ATLAS
24,100100100100010010000000,24,24,3 3 3 4 3 8,-1 -1 -1 0 -1 4,0.25,0.0,8.116423035551742,R_GT_8,reused exact p<=24 frontier,NUMERICAL_BLOCH_ATLAS
24,100100100100100010000000,24,24,3 3 3 3 4 8,-1 -1 -1 -1 0 4,0.25,0.0,8.119484910262178,R_GT_8,reused exact p<=24 frontier,NUMERICAL_BLOCH_ATLAS
24,100100100100100100000000,24,24,3 3 3 3 3 9,-1 -1 -1 -1 -1 5,0.25,0.0,8.302750410955246,R_GT_8,reused exact p<=24 frontier,NUMERICAL_BLOCH_ATLAS
24,100100100100100100100100,3,3,3 3 3 3 3 3 3 3,-1 -1 -1 -1 -1 -1 -1 -1,0.3333333333333333,-0.3333333333333333,8.11627377998784,R_GT_8,reused exact p<=24 frontier,NUMERICAL_BLOCH_ATLAS
